Rk,Player,Nation,Pos,Squad,Age,Born,90s,Gls,Sh,SoT,SoT%,Sh/90,SoT/90,G/Sh,G/SoT,Dist,FK,PK,PKatt,xG,npxG,npxG/Sh,G-xG,np:G-xG,Matches
1,Max Aarons,eng ENG,DF,Bournemouth,23,2000,13.7,0,2,0,0.0,0.15,0.00,0.00,,23.9,0,0,0,0.0,0.0,0.02,0.0,0.0,Matches
2,Joshua Acheampong,eng ENG,DF,Chelsea,17,2006,0.1,0,0,0,,0.00,0.00,,,,0,0,0,0.0,0.0,,0.0,0.0,Matches
3,BÃ©nie Adama Traore,ci CIV,"FW,MF",Sheffield Utd,20,2002,4.3,0,1,1,100.0,0.23,0.23,0.00,0.00,15.3,0,0,0,0.3,0.3,0.27,-0.3,-0.3,Matches
4,Tyler Adams,us USA,MF,Bournemouth,24,1999,1.3,0,0,0,,0.00,0.00,,,,0,0,0,0.0,0.0,,0.0,0.0,Matches
5,Tosin Adarabioyo,eng ENG,DF,Fulham,25,1997,18.0,2,14,5,35.7,0.78,0.28,0.14,0.40,14.2,0,0,0,0.7,0.7,0.05,+1.3,+1.3,Matches
6,Elijah Adebayo,eng ENG,FW,Luton Town,25,1998,15.8,10,31,14,45.2,1.97,0.89,0.32,0.71,9.6,0,0,0,5.9,5.9,0.19,+4.1,+4.1,Matches
7,Simon Adingra,ci CIV,FW,Brighton,21,2002,24.7,6,52,22,42.3,2.11,0.89,0.12,0.27,15.9,0,0,0,4.3,4.3,0.08,+1.7,+1.7,Matches
8,Nayef Aguerd,ma MAR,DF,West Ham,27,1996,20.6,1,14,3,21.4,0.68,0.15,0.07,0.33,10.8,0,0,0,1.5,1.5,0.11,-0.5,-0.5,Matches
9,Brandon Aguilera,cr CRC,FW,Nott'ham Forest,20,2003,0.1,0,0,0,,0.00,0.00,,,,0,0,0,0.0,0.0,,0.0,0.0,Matches
10,Naouirou Ahamada,fr FRA,"MF,FW",Crystal Palace,21,2002,3.9,0,9,2,22.2,2.32,0.52,0.00,0.00,20.4,0,0,0,0.5,0.5,0.05,-0.5,-0.5,Matches
11,Anel AhmedhodÅ¾iÄ,ba BIH,DF,Sheffield Utd,24,1999,29.4,2,19,5,26.3,0.65,0.17,0.11,0.40,11.9,0,0,0,3.1,3.1,0.17,-1.1,-1.1,Matches
12,Ola Aina,ng NGA,DF,Nott'ham Forest,26,1996,18.8,1,11,1,9.1,0.59,0.05,0.09,1.00,26.6,0,0,0,0.3,0.3,0.02,+0.7,+0.7,Matches
13,Rayan AÃ¯t-Nouri,dz ALG,"DF,MF",Wolves,22,2001,25.9,2,24,8,33.3,0.93,0.31,0.08,0.25,16.8,0,0,0,3.3,3.3,0.14,-1.3,-1.3,Matches
14,Kristoffer Ajer,no NOR,DF,Brentford,25,1998,20.4,2,12,4,33.3,0.59,0.20,0.17,0.50,9.9,0,0,0,1.3,1.3,0.11,+0.7,+0.7,Matches
15,Manuel Akanji,ch SUI,"DF,MF",Manchester City,28,1995,27.9,2,15,5,33.3,0.54,0.18,0.13,0.40,17.0,0,0,0,1.9,1.9,0.13,+0.1,+0.1,Matches
16,Nathan AkÃ©,nl NED,DF,Manchester City,28,1995,22.7,2,20,5,25.0,0.88,0.22,0.10,0.40,10.8,0,0,0,2.5,2.5,0.12,-0.5,-0.5,Matches
17,Thiago AlcÃ¡ntara,es ESP,MF,Liverpool,32,1991,0.1,0,0,0,,0.00,0.00,,,,0,0,0,0.0,0.0,,0.0,0.0,Matches
18,Trent Alexander-Arnold,eng ENG,DF,Liverpool,24,1998,23.9,3,47,8,17.0,1.96,0.33,0.06,0.38,24.4,5,0,0,2.6,2.3,0.05,+0.4,+0.7,Matches
19,Alisson,br BRA,GK,Liverpool,30,1992,28.0,0,0,0,,0.00,0.00,,,,0,0,0,0.0,0.0,,0.0,0.0,Matches
20,Miguel AlmirÃ³n,py PAR,FW,Newcastle Utd,29,1994,21.5,3,41,12,29.3,1.91,0.56,0.07,0.25,16.1,0,0,0,4.5,4.5,0.11,-1.5,-1.5,Matches
21,Edson Ãlvarez,mx MEX,MF,West Ham,25,1997,26.4,1,17,3,17.6,0.64,0.11,0.06,0.33,21.1,0,0,0,1.3,1.3,0.08,-0.3,-0.3,Matches
22,JuliÃ¡n Ãlvarez,ar ARG,"MF,FW",Manchester City,23,2000,29.4,11,96,37,38.5,3.26,1.26,0.09,0.24,17.8,13,2,2,13.0,11.5,0.12,-2.0,-2.5,Matches
23,Zeki Amdouni,ch SUI,FW,Burnley,22,2000,21.7,5,48,21,43.8,2.21,0.97,0.08,0.19,17.8,0,1,1,5.8,5.0,0.10,-0.8,-1.0,Matches
24,Sofyan Amrabat,ma MAR,"MF,DF",Manchester Utd,26,1996,10.4,0,3,0,0.0,0.29,0.00,0.00,,26.1,0,0,0,0.1,0.1,0.02,-0.1,-0.1,Matches
25,Joachim Andersen,dk DEN,DF,Crystal Palace,27,1996,37.9,2,21,8,38.1,0.55,0.21,0.10,0.25,12.8,1,0,0,1.7,1.7,0.08,+0.3,+0.3,Matches
Rk,Player,Nation,Pos,Squad,Age,Born,90s,Gls,Sh,SoT,SoT%,Sh/90,SoT/90,G/Sh,G/SoT,Dist,FK,PK,PKatt,xG,npxG,npxG/Sh,G-xG,np:G-xG,Matches
26,Elliot Anderson,sct SCO,"MF,FW",Newcastle Utd,20,2002,11.4,0,19,4,21.1,1.67,0.35,0.00,0.00,14.5,0,0,0,1.5,1.5,0.08,-1.5,-1.5,Matches
27,Jaidon Anthony,eng ENG,FW,Bournemouth,23,1999,1.7,0,2,1,50.0,1.18,0.59,0.00,0.00,24.5,0,0,0,0.1,0.1,0.03,-0.1,-0.1,Matches
28,Michail Antonio,jm JAM,FW,West Ham,33,1990,18.8,6,30,14,46.7,1.59,0.74,0.20,0.43,13.1,0,0,0,5.8,5.8,0.19,+0.2,+0.2,Matches
29,Antony,br BRA,FW,Manchester Utd,23,2000,14.7,1,43,15,34.9,2.92,1.02,0.02,0.07,18.9,0,0,0,3.4,3.4,0.08,-2.4,-2.4,Matches
30,Oliver Arblaster,eng ENG,MF,Sheffield Utd,19,2004,10.5,0,1,1,100.0,0.10,0.10,0.00,0.00,16.6,0,0,0,0.0,0.0,0.04,0.0,0.0,Matches
31,Cameron Archer,eng ENG,"FW,MF",Sheffield Utd,22,2001,20.4,4,42,9,21.4,2.06,0.44,0.10,0.44,16.7,0,0,0,5.5,5.5,0.14,-1.5,-1.5,Matches
32,Cameron Archer,eng ENG,MF,Aston Villa,22,2001,0.1,0,0,0,,0.00,0.00,,,,0,0,0,0.0,0.0,,0.0,0.0,Matches
33,Alphonse Areola,fr FRA,GK,West Ham,30,1993,30.0,0,0,0,,0.00,0.00,,,,0,0,0,0.0,0.0,,0.0,0.0,Matches
34,Lorenz Assignon,tg TOG,DF,Burnley,23,2000,13.7,1,9,4,44.4,0.66,0.29,0.11,0.25,22.1,0,0,0,0.4,0.4,0.04,+0.6,+0.6,Matches
35,Serge Aurier,ci CIV,"DF,MF",Nott'ham Forest,30,1992,9.3,0,6,1,16.7,0.65,0.11,0.00,0.00,16.0,0,0,0,0.2,0.2,0.03,-0.2,-0.2,Matches
36,Taiwo Awoniyi,ng NGA,FW,Nott'ham Forest,25,1997,11.6,6,22,11,50.0,1.90,0.95,0.27,0.55,11.5,0,0,0,4.7,4.7,0.22,+1.3,+1.3,Matches
37,Jordan Ayew,gh GHA,"FW,MF",Crystal Palace,31,1991,28.3,4,48,19,39.6,1.70,0.67,0.08,0.21,18.2,0,0,0,3.9,3.9,0.08,+0.1,+0.1,Matches
38,BenoÃ®t Badiashile,fr FRA,DF,Chelsea,22,2001,14.9,0,6,1,16.7,0.40,0.07,0.00,0.00,14.1,0,0,0,0.3,0.3,0.05,-0.3,-0.3,Matches
39,Leon Bailey,jm JAM,"MF,FW",Aston Villa,25,1997,23.0,10,53,18,34.0,2.31,0.78,0.19,0.56,16.1,1,0,0,6.3,6.3,0.12,+3.7,+3.7,Matches
40,Stefan Bajcetic,es ESP,MF,Liverpool,18,2004,0.3,0,0,0,,0.00,0.00,,,,0,0,0,0.0,0.0,,0.0,0.0,Matches
41,George Baldock,gr GRE,DF,Sheffield Utd,30,1993,10.8,0,1,0,0.0,0.09,0.00,0.00,,22.2,0,0,0,0.0,0.0,0.02,0.0,0.0,Matches
42,Carlos Baleba,cm CMR,MF,Brighton,19,2004,14.7,0,21,5,23.8,1.43,0.34,0.00,0.00,24.4,0,0,0,0.8,0.8,0.04,-0.8,-0.8,Matches
43,FodÃ© Ballo-TourÃ©,sn SEN,"DF,MF",Fulham,26,1997,0.8,0,0,0,,0.00,0.00,,,,0,0,0,0.0,0.0,,0.0,0.0,Matches
44,Shandon Baptiste,gd GRN,MF,Brentford,25,1998,2.5,1,2,2,100.0,0.79,0.79,0.50,0.50,6.6,0,0,0,0.9,0.9,0.45,+0.1,+0.1,Matches
45,ValentÃ­n Barco,ar ARG,"DF,FW",Brighton,19,2004,3.4,0,4,2,50.0,1.17,0.59,0.00,0.00,24.2,0,0,0,0.2,0.2,0.05,-0.2,-0.2,Matches
46,Ross Barkley,eng ENG,MF,Luton Town,29,1993,29.1,5,66,19,28.8,2.27,0.65,0.08,0.26,21.5,6,0,0,4.1,4.1,0.06,+0.9,+0.9,Matches
47,Harvey Barnes,eng ENG,"FW,MF",Newcastle Utd,25,1997,8.9,5,27,12,44.4,3.03,1.35,0.19,0.42,16.0,0,0,0,3.6,3.6,0.13,+1.4,+1.4,Matches
48,Chris Basham,eng ENG,"DF,MF",Sheffield Utd,35,1988,3.6,0,2,0,0.0,0.56,0.00,0.00,,10.8,0,0,0,0.1,0.1,0.06,-0.1,-0.1,Matches
49,Calvin Bassey,ng NGA,DF,Fulham,23,1999,25.6,1,5,1,20.0,0.20,0.04,0.20,1.00,10.1,0,0,0,0.3,0.3,0.07,+0.7,+0.7,Matches
50,Owen Beck,wls WAL,DF,Liverpool,20,2002,0.1,0,0,0,,0.00,0.00,,,,0,0,0,0.0,0.0,,0.0,0.0,Matches
Rk,Player,Nation,Pos,Squad,Age,Born,90s,Gls,Sh,SoT,SoT%,Sh/90,SoT/90,G/Sh,G/SoT,Dist,FK,PK,PKatt,xG,npxG,npxG/Sh,G-xG,np:G-xG,Matches
51,Donny van de Beek,nl NED,DF,Manchester Utd,26,1997,0.0,0,1,0,0.0,30.00,0.00,0.00,,16.1,0,0,0,0.0,0.0,0.04,0.0,0.0,Matches
52,Amari'i Bell,jm JAM,DF,Luton Town,29,1994,19.1,0,2,2,100.0,0.10,0.10,0.00,0.00,18.8,0,0,0,0.3,0.3,0.13,-0.3,-0.3,Matches
53,Jean-Ricner Bellegarde,fr FRA,"MF,FW",Wolves,25,1998,10.6,2,15,5,33.3,1.41,0.47,0.13,0.40,16.5,0,0,0,1.6,1.6,0.10,+0.4,+0.4,Matches
54,Anis Ben Slimane,tn TUN,MF,Sheffield Utd,22,2001,4.7,0,8,3,37.5,1.72,0.64,0.00,0.00,18.2,0,0,0,0.8,0.8,0.10,-0.8,-0.8,Matches
55,SaÃ¯d Benrahma,dz ALG,"FW,MF",West Ham,27,1995,6.9,0,18,5,27.8,2.61,0.73,0.00,0.00,19.8,0,0,1,1.8,1.0,0.06,-1.8,-1.0,Matches
56,Rodrigo Bentancur,uy URU,MF,Tottenham,26,1997,11.2,1,18,4,22.2,1.61,0.36,0.06,0.25,16.3,0,0,0,1.9,1.9,0.11,-0.9,-0.9,Matches
57,Daniel Bentley,eng ENG,GK,Wolves,30,1993,4.3,0,0,0,,0.00,0.00,,,,0,0,0,0.0,0.0,,0.0,0.0,Matches
58,JÃ³hann Berg GuÃ°mundsson,is ISL,"MF,FW",Burnley,32,1990,13.2,1,15,6,40.0,1.13,0.45,0.07,0.17,15.6,1,0,0,1.9,1.9,0.12,-0.9,-0.9,Matches
59,Sander Berge,no NOR,MF,Burnley,25,1998,33.4,1,25,3,12.0,0.75,0.09,0.04,0.33,17.6,0,0,0,1.9,1.9,0.08,-0.9,-0.9,Matches
60,Luke Berry,eng ENG,"MF,DF",Luton Town,31,1992,3.6,2,8,4,50.0,2.23,1.11,0.25,0.50,10.9,0,0,0,1.0,1.0,0.13,+1.0,+1.0,Matches
61,Beto,gw GNB,FW,Everton,25,1998,10.6,3,42,12,28.6,3.97,1.14,0.07,0.25,14.7,0,0,1,6.8,6.0,0.14,-3.8,-3.0,Matches
62,Jordan Beyer,de GER,DF,Burnley,23,2000,13.7,0,5,0,0.0,0.36,0.00,0.00,,8.2,0,0,0,0.5,0.5,0.10,-0.5,-0.5,Matches
63,Philip Billing,dk DEN,MF,Bournemouth,27,1996,15.5,2,30,8,26.7,1.93,0.52,0.07,0.25,20.6,7,0,0,2.5,2.5,0.08,-0.5,-0.5,Matches
64,Yves Bissouma,ml MLI,MF,Tottenham,26,1996,23.0,0,24,5,20.8,1.04,0.22,0.00,0.00,25.0,1,0,0,1.4,1.4,0.06,-1.4,-1.4,Matches
65,Benicio Boaitey,eng ENG,"FW,DF",Brighton,19,2004,0.4,0,1,0,0.0,2.25,0.00,0.00,,25.2,0,0,0,0.0,0.0,0.02,0.0,0.0,Matches
66,Oscar Bobb,no NOR,"FW,MF",Manchester City,20,2003,3.4,1,4,1,25.0,1.19,0.30,0.25,1.00,11.1,0,0,0,1.4,1.4,0.35,-0.4,-0.4,Matches
67,Jayden Bogle,eng ENG,DF,Sheffield Utd,23,2000,31.0,3,32,11,34.4,1.03,0.36,0.09,0.27,16.2,0,0,0,2.3,2.3,0.07,+0.7,+0.7,Matches
68,Willy Boly,ci CIV,DF,Nott'ham Forest,32,1991,16.0,2,14,6,42.9,0.88,0.38,0.14,0.33,10.4,0,0,0,1.5,1.5,0.11,+0.5,+0.5,Matches
69,Sven Botman,nl NED,DF,Newcastle Utd,23,2000,15.3,2,10,2,20.0,0.65,0.13,0.20,1.00,10.5,0,0,0,0.6,0.6,0.06,+1.4,+1.4,Matches
70,Jarrod Bowen,eng ENG,FW,West Ham,26,1996,33.5,16,84,37,44.0,2.50,1.10,0.19,0.43,14.2,0,0,0,11.6,11.6,0.14,+4.4,+4.4,Matches
71,Conor Bradley,nir NIR,DF,Liverpool,20,2003,8.4,1,12,4,33.3,1.43,0.48,0.08,0.25,17.3,0,0,0,0.9,0.9,0.07,+0.1,+0.1,Matches
72,Jarrad Branthwaite,eng ENG,DF,Everton,21,2002,34.6,3,14,4,28.6,0.40,0.12,0.21,0.75,11.6,0,0,0,1.7,1.7,0.12,+1.3,+1.3,Matches
73,Ben Brereton,cl CHI,"FW,MF",Sheffield Utd,24,1999,12.3,6,34,16,47.1,2.77,1.30,0.15,0.31,14.5,0,1,1,6.1,5.3,0.16,-0.1,-0.3,Matches
74,Rhian Brewster,eng ENG,"FW,MF",Sheffield Utd,23,2000,3.8,0,7,3,42.9,1.82,0.78,0.00,0.00,23.2,0,0,0,0.4,0.4,0.05,-0.4,-0.4,Matches
75,Armando Broja,al ALB,FW,Chelsea,21,2001,5.0,1,13,2,15.4,2.58,0.40,0.08,0.50,11.1,0,0,0,2.4,2.4,0.18,-1.4,-1.4,Matches
Rk,Player,Nation,Pos,Squad,Age,Born,90s,Gls,Sh,SoT,SoT%,Sh/90,SoT/90,G/Sh,G/SoT,Dist,FK,PK,PKatt,xG,npxG,npxG/Sh,G-xG,np:G-xG,Matches
76,Armando Broja,al ALB,FW,Fulham,21,2001,1.0,0,0,0,,0.00,0.00,,,,0,0,0,0.0,0.0,,0.0,0.0,Matches
77,Andre Brooks,eng ENG,"MF,DF",Sheffield Utd,19,2003,10.4,0,9,2,22.2,0.86,0.19,0.00,0.00,19.5,0,0,0,0.4,0.4,0.05,-0.4,-0.4,Matches
78,David Brooks,wls WAL,"FW,MF",Bournemouth,26,1997,3.1,1,13,5,38.5,4.15,1.60,0.08,0.20,17.4,0,0,0,2.2,2.2,0.17,-1.2,-1.2,Matches
79,Jacob Brown,sct SCO,"MF,FW",Luton Town,25,1998,11.3,2,26,6,23.1,2.30,0.53,0.08,0.33,14.1,0,0,0,2.8,2.8,0.11,-0.8,-0.8,Matches
80,Josh Brownhill,eng ENG,MF,Burnley,27,1995,25.0,4,28,11,39.3,1.12,0.44,0.14,0.36,21.8,0,0,0,1.9,1.9,0.07,+2.1,+2.1,Matches
81,Jacob Bruun Larsen,dk DEN,"MF,FW",Burnley,24,1998,13.9,6,43,14,32.6,3.10,1.01,0.12,0.36,19.2,11,1,1,5.0,4.2,0.10,+1.0,+0.8,Matches
82,Hugo Bueno,es ESP,"DF,MF",Wolves,20,2002,8.2,0,5,0,0.0,0.61,0.00,0.00,,18.4,0,0,0,0.3,0.3,0.06,-0.3,-0.3,Matches
83,Santiago Bueno,uy URU,DF,Wolves,24,1998,9.1,0,0,0,,0.00,0.00,,,,0,0,0,0.0,0.0,,0.0,0.0,Matches
84,Facundo Buonanotte,ar ARG,"FW,MF",Brighton,18,2004,15.2,3,21,8,38.1,1.39,0.53,0.14,0.38,16.8,0,0,0,2.4,2.4,0.11,+0.6,+0.6,Matches
85,Reece Burke,eng ENG,DF,Luton Town,26,1996,18.4,0,13,3,23.1,0.70,0.16,0.00,0.00,14.3,0,0,0,1.3,1.3,0.12,-1.3,-1.3,Matches
86,Dan Burn,eng ENG,DF,Newcastle Utd,31,1992,30.3,2,23,5,21.7,0.76,0.17,0.09,0.40,8.1,0,0,0,3.1,3.1,0.14,-1.1,-1.1,Matches
87,Mason Burstow,eng ENG,FW,Chelsea,19,2003,0.1,0,0,0,,0.00,0.00,,,,0,0,0,0.0,0.0,,0.0,0.0,Matches
88,MoisÃ©s Caicedo,ec ECU,MF,Chelsea,21,2001,31.8,1,13,4,30.8,0.41,0.13,0.08,0.25,29.0,0,0,0,0.4,0.4,0.03,+0.6,+0.6,Matches
89,Tom Cairney,sct SCO,MF,Fulham,32,1991,16.5,1,17,8,47.1,1.03,0.48,0.06,0.13,21.2,0,0,0,1.1,1.1,0.06,-0.1,-0.1,Matches
90,Dominic Calvert-Lewin,eng ENG,FW,Everton,26,1997,24.1,7,71,28,39.4,2.94,1.16,0.07,0.18,13.9,1,2,2,12.9,11.4,0.16,-5.9,-6.4,Matches
91,Thomas Cannon,ie IRL,FW,Everton,20,2002,0.0,0,0,0,,0.00,0.00,,,,0,0,0,0.0,0.0,,0.0,0.0,Matches
92,Diego Carlos,br BRA,DF,Aston Villa,30,1993,20.2,0,10,1,10.0,0.50,0.05,0.00,0.00,9.1,0,0,0,1.9,1.9,0.19,-1.9,-1.9,Matches
93,Cesare Casadei,it ITA,"FW,MF",Chelsea,20,2003,0.9,0,0,0,,0.00,0.00,,,,0,0,0,0.0,0.0,,0.0,0.0,Matches
94,Casemiro,br BRA,"MF,DF",Manchester Utd,31,1992,22.0,1,39,9,23.1,1.77,0.41,0.03,0.11,17.1,1,0,0,3.5,3.5,0.09,-2.5,-2.5,Matches
95,Kaelan Casey,eng ENG,DF,West Ham,18,2004,0.0,0,0,0,,0.00,0.00,,,,0,0,0,0.0,0.0,,0.0,0.0,Matches
96,Matty Cash,pl POL,DF,Aston Villa,25,1997,23.8,2,33,13,39.4,1.39,0.55,0.06,0.15,16.2,0,0,0,4.2,4.2,0.13,-2.2,-2.2,Matches
97,Timothy Castagne,be BEL,DF,Fulham,27,1995,29.3,1,14,4,28.6,0.48,0.14,0.07,0.25,11.3,0,0,0,1.6,1.6,0.12,-0.6,-0.6,Matches
98,Jonny Castro,es ESP,MF,Wolves,29,1994,0.1,0,0,0,,0.00,0.00,,,,0,0,0,0.0,0.0,,0.0,0.0,Matches
99,Trevoh Chalobah,eng ENG,DF,Chelsea,24,1999,10.6,1,2,2,100.0,0.19,0.19,0.50,0.50,9.5,0,0,0,0.2,0.2,0.10,+0.8,+0.8,Matches
100,Calum Chambers,eng ENG,"MF,DF",Aston Villa,28,1995,1.7,0,0,0,,0.00,0.00,,,,0,0,0,0.0,0.0,,0.0,0.0,Matches
Rk,Player,Nation,Pos,Squad,Age,Born,90s,Gls,Sh,SoT,SoT%,Sh/90,SoT/90,G/Sh,G/SoT,Dist,FK,PK,PKatt,xG,npxG,npxG/Sh,G-xG,np:G-xG,Matches
101,Youssef Chermiti,pt POR,FW,Everton,19,2004,2.3,0,7,2,28.6,3.03,0.87,0.00,0.00,14.6,0,0,0,0.7,0.7,0.10,-0.7,-0.7,Matches
102,Ben Chilwell,eng ENG,DF,Chelsea,26,1996,8.4,0,12,4,33.3,1.43,0.48,0.00,0.00,16.6,1,0,0,1.2,1.2,0.10,-1.2,-1.2,Matches
103,Tawanda Chirewa,zw ZIM,"MF,FW",Wolves,19,2003,1.6,0,3,1,33.3,1.86,0.62,0.00,0.00,21.0,0,0,0,0.2,0.2,0.05,-0.2,-0.2,Matches
104,Leon Chiwome,eng ENG,FW,Wolves,17,2006,1.9,0,2,0,0.0,1.03,0.00,0.00,,11.2,0,0,0,0.1,0.1,0.05,-0.1,-0.1,Matches
105,Tahith Chong,nl NED,"MF,FW",Luton Town,23,1999,22.0,4,31,7,22.6,1.41,0.32,0.13,0.57,16.6,0,0,0,2.7,2.7,0.09,+1.3,+1.3,Matches
106,Ryan Christie,sct SCO,MF,Bournemouth,28,1995,32.3,0,43,13,30.2,1.33,0.40,0.00,0.00,20.0,0,0,0,2.3,2.3,0.05,-2.3,-2.3,Matches
107,Carney Chukwuemeka,eng ENG,"MF,FW",Chelsea,19,2003,2.5,1,3,2,66.7,1.19,0.79,0.33,0.50,19.9,0,0,0,0.2,0.2,0.05,+0.8,+0.8,Matches
108,Bobby Clark,eng ENG,MF,Liverpool,18,2005,1.0,0,2,0,0.0,2.02,0.00,0.00,,18.7,0,0,0,0.1,0.1,0.07,-0.1,-0.1,Matches
109,Jordan Clark,eng ENG,MF,Luton Town,29,1993,14.5,1,17,4,23.5,1.17,0.28,0.06,0.25,16.9,0,0,0,1.0,1.0,0.06,0.0,0.0,Matches
110,Nathaniel Clyne,eng ENG,DF,Crystal Palace,32,1991,14.9,0,4,0,0.0,0.27,0.00,0.00,,22.5,0,0,0,0.2,0.2,0.05,-0.2,-0.2,Matches
111,SÃ©amus Coleman,ie IRL,DF,Everton,34,1988,7.4,0,0,0,,0.00,0.00,,,,0,0,0,0.0,0.0,,0.0,0.0,Matches
112,Nathan Collins,ie IRL,DF,Brentford,22,2001,29.5,1,10,2,20.0,0.34,0.07,0.10,0.50,9.9,0,0,0,1.7,1.7,0.17,-0.7,-0.7,Matches
113,Levi Colwill,eng ENG,DF,Chelsea,20,2003,20.0,1,11,3,27.3,0.55,0.15,0.09,0.33,11.9,0,0,0,1.3,1.3,0.12,-0.3,-0.3,Matches
114,Lewis Cook,eng ENG,MF,Bournemouth,26,1997,31.0,0,12,4,33.3,0.39,0.13,0.00,0.00,24.0,0,0,0,0.4,0.4,0.03,-0.4,-0.4,Matches
115,Jack Cork,eng ENG,MF,Burnley,34,1989,0.3,0,0,0,,0.00,0.00,,,,0,0,0,0.0,0.0,,0.0,0.0,Matches
116,Maxwel Cornet,ci CIV,"MF,FW",West Ham,26,1996,1.2,1,4,1,25.0,3.21,0.80,0.25,1.00,12.5,0,0,0,0.4,0.4,0.10,+0.6,+0.6,Matches
117,VladimÃ­r Coufal,cz CZE,DF,West Ham,30,1992,34.8,0,8,2,25.0,0.23,0.06,0.00,0.00,22.6,0,0,0,0.3,0.3,0.04,-0.3,-0.3,Matches
118,Philippe Coutinho,br BRA,"MF,FW",Aston Villa,31,1992,0.3,0,3,1,33.3,10.80,3.60,0.00,0.00,24.9,0,0,0,0.1,0.1,0.05,-0.1,-0.1,Matches
119,Aaron Cresswell,eng ENG,"DF,FW",West Ham,33,1989,4.8,0,0,0,,0.00,0.00,,,,0,0,0,0.0,0.0,,0.0,0.0,Matches
120,Marc Cucurella,es ESP,DF,Chelsea,25,1998,19.8,0,8,4,50.0,0.40,0.20,0.00,0.00,14.4,0,0,0,1.1,1.1,0.14,-1.1,-1.1,Matches
121,Josh Cullen,ie IRL,MF,Burnley,27,1996,22.9,2,16,5,31.3,0.70,0.22,0.13,0.40,22.8,0,0,0,0.6,0.6,0.04,+1.4,+1.4,Matches
122,Matheus Cunha,br BRA,"FW,MF",Wolves,24,1999,27.1,12,72,36,50.0,2.66,1.33,0.15,0.31,18.0,0,1,1,9.5,8.7,0.12,+2.5,+2.3,Matches
123,Sam Curtis,ie IRL,DF,Sheffield Utd,17,2005,0.3,0,0,0,,0.00,0.00,,,,0,0,0,0.0,0.0,,0.0,0.0,Matches
124,Mahmoud Dahoud,de GER,MF,Brighton,27,1996,5.0,0,6,1,16.7,1.19,0.20,0.00,0.00,26.8,0,0,0,0.2,0.2,0.04,-0.2,-0.2,Matches
125,Ameen Al-Dakhil,be BEL,DF,Burnley,21,2002,11.7,1,8,3,37.5,0.68,0.26,0.13,0.33,16.0,0,0,0,1.3,1.3,0.16,-0.3,-0.3,Matches
Rk,Player,Nation,Pos,Squad,Age,Born,90s,Gls,Sh,SoT,SoT%,Sh/90,SoT/90,G/Sh,G/SoT,Dist,FK,PK,PKatt,xG,npxG,npxG/Sh,G-xG,np:G-xG,Matches
126,Diogo Dalot,pt POR,DF,Manchester Utd,24,1999,35.3,2,30,7,23.3,0.85,0.20,0.07,0.29,21.0,0,0,0,1.7,1.7,0.06,+0.3,+0.3,Matches
127,Mikkel Damsgaard,dk DEN,MF,Brentford,23,2000,9.4,0,9,4,44.4,0.96,0.43,0.00,0.00,18.0,1,0,0,0.9,0.9,0.10,-0.9,-0.9,Matches
128,Danilo,br BRA,MF,Nott'ham Forest,22,2001,19.9,2,23,7,30.4,1.16,0.35,0.09,0.29,21.0,0,0,0,1.8,1.8,0.08,+0.2,+0.2,Matches
129,Arnaut Danjuma,nl NED,"MF,FW",Everton,26,1997,6.6,1,25,9,36.0,3.78,1.36,0.04,0.11,16.0,1,0,0,2.6,2.6,0.10,-1.6,-1.6,Matches
130,Jayden Danns,eng ENG,FW,Liverpool,17,2006,0.1,0,0,0,,0.00,0.00,,,,0,0,0,0.0,0.0,,0.0,0.0,Matches
131,Josh Dasilva,eng ENG,"DF,FW",Brentford,24,1998,0.3,0,0,0,,0.00,0.00,,,,0,0,0,0.0,0.0,,0.0,0.0,Matches
132,David Datro Fofana,ci CIV,FW,Burnley,20,2002,9.8,4,19,10,52.6,1.95,1.02,0.21,0.40,14.0,0,0,0,4.5,4.5,0.24,-0.5,-0.5,Matches
133,Ben Davies,wls WAL,DF,Tottenham,30,1993,12.1,1,12,2,16.7,0.99,0.17,0.08,0.50,11.8,0,0,0,2.3,2.3,0.19,-1.3,-1.3,Matches
134,Tom Davies,eng ENG,MF,Sheffield Utd,25,1998,2.5,0,4,1,25.0,1.63,0.41,0.00,0.00,15.4,0,0,0,0.4,0.4,0.09,-0.4,-0.4,Matches
135,Craig Dawson,eng ENG,DF,Wolves,33,1990,24.5,1,16,5,31.3,0.65,0.20,0.06,0.20,11.2,0,0,0,1.5,1.5,0.09,-0.5,-0.5,Matches
136,Kevin De Bruyne,be BEL,MF,Manchester City,32,1991,13.6,4,44,17,38.6,3.24,1.25,0.09,0.24,21.4,6,0,0,2.4,2.4,0.05,+1.6,+1.6,Matches
137,Hannes Delcroix,be BEL,DF,Burnley,24,1999,6.5,0,4,2,50.0,0.61,0.31,0.00,0.00,11.2,0,0,0,0.4,0.4,0.09,-0.4,-0.4,Matches
138,Leander Dendoncker,be BEL,MF,Aston Villa,28,1995,1.3,1,2,1,50.0,1.51,0.76,0.50,1.00,12.5,0,0,0,0.7,0.7,0.37,+0.3,+0.3,Matches
139,Moussa Diaby,fr FRA,"FW,MF",Aston Villa,24,1999,24.2,6,54,22,40.7,2.24,0.91,0.11,0.27,15.9,0,0,0,7.0,7.0,0.13,-1.0,-1.0,Matches
140,Amad Diallo,ci CIV,"FW,MF",Manchester Utd,21,2002,4.3,1,10,4,40.0,2.31,0.92,0.10,0.25,19.3,0,0,0,0.5,0.5,0.05,+0.5,+0.5,Matches
141,Amadou Diallo,eng ENG,MF,Newcastle Utd,20,2003,0.0,0,0,0,,0.00,0.00,,,,0,0,0,0.0,0.0,,0.0,0.0,Matches
142,RÃºben Dias,pt POR,DF,Manchester City,26,1997,28.4,0,20,8,40.0,0.70,0.28,0.00,0.00,15.2,0,0,0,1.4,1.4,0.07,-1.4,-1.4,Matches
143,Luis DÃ­az,co COL,FW,Liverpool,26,1997,29.2,8,94,32,34.0,3.22,1.10,0.09,0.25,15.0,0,0,0,11.9,11.9,0.13,-3.9,-3.9,Matches
144,Eric Dier,eng ENG,DF,Tottenham,29,1994,2.2,0,0,0,,0.00,0.00,,,,0,0,0,0.0,0.0,,0.0,0.0,Matches
145,Lucas Digne,fr FRA,DF,Aston Villa,30,1993,26.8,1,20,4,20.0,0.75,0.15,0.05,0.25,20.0,6,0,0,1.1,1.1,0.05,-0.1,-0.1,Matches
146,Issa Diop,fr FRA,DF,Fulham,26,1997,15.8,0,5,1,20.0,0.32,0.06,0.00,0.00,14.6,0,0,0,0.3,0.3,0.05,-0.3,-0.3,Matches
147,Axel Disasi,fr FRA,DF,Chelsea,25,1998,28.7,2,16,4,25.0,0.56,0.14,0.13,0.50,10.3,0,0,0,2.4,2.4,0.15,-0.4,-0.4,Matches
148,Ben Doak,sct SCO,FW,Liverpool,17,2005,0.2,0,0,0,,0.00,0.00,,,,0,0,0,0.0,0.0,,0.0,0.0,Matches
149,Lewis Dobbin,eng ENG,MF,Everton,20,2003,2.6,1,5,2,40.0,1.94,0.78,0.20,0.50,15.6,0,0,0,0.3,0.3,0.06,+0.7,+0.7,Matches
150,Matt Doherty,ie IRL,"DF,MF",Wolves,31,1992,12.8,1,9,3,33.3,0.70,0.23,0.11,0.33,10.8,0,0,0,0.8,0.8,0.09,+0.2,+0.2,Matches
Rk,Player,Nation,Pos,Squad,Age,Born,90s,Gls,Sh,SoT,SoT%,Sh/90,SoT/90,G/Sh,G/SoT,Dist,FK,PK,PKatt,xG,npxG,npxG/Sh,G-xG,np:G-xG,Matches
151,Jeremy Doku,be BEL,"FW,MF",Manchester City,21,2002,17.7,3,55,19,34.5,3.10,1.07,0.05,0.16,16.4,0,0,0,2.5,2.5,0.05,+0.5,+0.5,Matches
152,NicolÃ¡s DomÃ­nguez,ar ARG,"MF,FW",Nott'ham Forest,25,1998,16.6,2,22,6,27.3,1.32,0.36,0.09,0.33,16.9,0,0,0,1.3,1.3,0.06,+0.7,+0.7,Matches
153,Jamie Donley,eng ENG,FW,Tottenham,18,2005,0.0,0,0,0,,0.00,0.00,,,,0,0,0,0.0,0.0,,0.0,0.0,Matches
154,Abdoulaye DoucourÃ©,ml MLI,"FW,MF",Everton,30,1993,29.2,7,47,21,44.7,1.61,0.72,0.15,0.33,12.2,0,0,0,8.8,8.8,0.20,-1.8,-1.8,Matches
155,Cheick DoucourÃ©,ml MLI,MF,Crystal Palace,23,2000,10.2,0,6,2,33.3,0.59,0.20,0.00,0.00,21.6,0,0,0,0.3,0.3,0.05,-0.3,-0.3,Matches
156,Alfie Doughty,eng ENG,DF,Luton Town,23,1999,32.5,2,26,8,30.8,0.80,0.25,0.08,0.25,16.3,2,0,0,1.3,1.3,0.05,+0.7,+0.7,Matches
157,Tommy Doyle,eng ENG,MF,Wolves,21,2001,13.6,0,14,3,21.4,1.03,0.22,0.00,0.00,26.2,2,0,0,0.4,0.4,0.03,-0.4,-0.4,Matches
158,Radu DrÄguÈin,ro ROU,DF,Tottenham,21,2002,4.8,0,1,0,0.0,0.21,0.00,0.00,,10.4,0,0,0,0.1,0.1,0.14,-0.1,-0.1,Matches
159,Martin DÃºbravka,sk SVK,GK,Newcastle Utd,34,1989,22.1,0,0,0,,0.00,0.00,,,,0,0,0,0.0,0.0,,0.0,0.0,Matches
160,Paul Dummett,wls WAL,DF,Newcastle Utd,31,1991,0.2,0,1,0,0.0,4.50,0.00,0.00,,16.1,0,0,0,0.0,0.0,0.02,0.0,0.0,Matches
161,Lewis Dunk,eng ENG,DF,Brighton,31,1991,31.9,3,33,12,36.4,1.04,0.38,0.09,0.25,13.4,4,0,0,3.1,3.1,0.09,-0.1,-0.1,Matches
162,Jhon DurÃ¡n,co COL,"FW,MF",Aston Villa,19,2003,5.3,5,20,7,35.0,3.79,1.33,0.25,0.71,16.8,0,0,0,2.0,2.0,0.10,+3.0,+3.0,Matches
163,George Earthy,eng ENG,FW,West Ham,18,2004,0.4,1,1,1,100.0,2.65,2.65,1.00,1.00,3.8,0,0,0,0.3,0.3,0.31,+0.7,+0.7,Matches
164,Ederson,br BRA,GK,Manchester City,29,1993,30.9,0,0,0,,0.00,0.00,,,,0,0,0,0.0,0.0,,0.0,0.0,Matches
165,Odsonne Ãdouard,fr FRA,"FW,MF",Crystal Palace,25,1998,17.3,7,51,19,37.3,2.95,1.10,0.14,0.37,13.7,3,0,0,6.2,6.2,0.12,+0.8,+0.8,Matches
166,John Egan,ie IRL,DF,Sheffield Utd,30,1992,5.4,0,3,1,33.3,0.56,0.19,0.00,0.00,10.3,0,0,0,0.2,0.2,0.05,-0.2,-0.2,Matches
167,Hjalmar Ekdal,se SWE,DF,Burnley,24,1998,4.9,0,2,1,50.0,0.41,0.21,0.00,0.00,16.4,0,0,0,0.1,0.1,0.03,-0.1,-0.1,Matches
168,Anthony Elanga,se SWE,"FW,MF",Nott'ham Forest,21,2002,27.0,5,54,22,40.7,2.00,0.81,0.09,0.23,16.2,0,0,0,6.6,6.6,0.12,-1.6,-1.6,Matches
169,Harvey Elliott,eng ENG,"MF,FW",Liverpool,20,2003,15.0,3,49,16,32.7,3.26,1.07,0.06,0.19,20.8,2,0,0,2.7,2.7,0.06,+0.3,+0.3,Matches
170,Mohamed Elneny,eg EGY,MF,Arsenal,31,1992,0.3,0,2,1,50.0,6.43,3.21,0.00,0.00,25.8,0,0,0,0.1,0.1,0.04,-0.1,-0.1,Matches
171,Emerson,br BRA,DF,Tottenham,24,1999,12.9,1,6,3,50.0,0.47,0.23,0.17,0.33,22.5,0,0,0,0.2,0.2,0.03,+0.8,+0.8,Matches
172,Julio Enciso,py PAR,"MF,FW",Brighton,19,2004,5.3,0,28,8,28.6,5.31,1.52,0.00,0.00,21.2,0,0,0,1.4,1.4,0.05,-1.4,-1.4,Matches
173,Wataru Endo,jp JPN,MF,Liverpool,30,1993,19.1,1,10,3,30.0,0.52,0.16,0.10,0.33,22.0,0,0,0,0.5,0.5,0.05,+0.5,+0.5,Matches
174,Christian Eriksen,dk DEN,MF,Manchester Utd,31,1992,12.7,1,13,4,30.8,1.03,0.32,0.08,0.25,22.0,2,0,0,1.0,1.0,0.08,0.0,0.0,Matches
175,Maxime EstÃ¨ve,fr FRA,DF,Burnley,21,2002,14.5,0,7,0,0.0,0.48,0.00,0.00,,19.1,0,0,0,0.3,0.3,0.04,-0.3,-0.3,Matches
Rk,Player,Nation,Pos,Squad,Age,Born,90s,Gls,Sh,SoT,SoT%,Sh/90,SoT/90,G/Sh,G/SoT,Dist,FK,PK,PKatt,xG,npxG,npxG/Sh,G-xG,np:G-xG,Matches
176,Pervis EstupiÃ±Ã¡n,ec ECU,DF,Brighton,25,1998,13.8,2,11,6,54.5,0.80,0.43,0.18,0.33,18.8,0,0,0,1.0,1.0,0.09,+1.0,+1.0,Matches
177,Jonny Evans,nir NIR,DF,Manchester Utd,35,1988,15.5,0,1,0,0.0,0.06,0.00,0.00,,5.4,0,0,0,0.1,0.1,0.06,-0.1,-0.1,Matches
178,Eberechi Eze,eng ENG,"MF,FW",Crystal Palace,25,1998,22.8,11,82,33,40.2,3.59,1.45,0.12,0.30,20.7,12,1,1,9.1,8.3,0.10,+1.9,+1.7,Matches
179,Åukasz FabiaÅski,pl POL,GK,West Ham,38,1985,8.0,0,0,0,,0.00,0.00,,,,0,0,0,0.0,0.0,,0.0,0.0,Matches
180,Romain Faivre,fr FRA,"MF,FW",Bournemouth,25,1998,0.5,0,2,0,0.0,4.39,0.00,0.00,,17.0,0,0,0,0.2,0.2,0.08,-0.2,-0.2,Matches
181,Ansu Fati,es ESP,"MF,FW",Brighton,20,2002,5.8,2,26,11,42.3,4.49,1.90,0.08,0.18,14.6,0,0,0,3.4,3.4,0.13,-1.4,-1.4,Matches
182,Felipe,br BRA,DF,Nott'ham Forest,34,1989,4.2,0,3,0,0.0,0.72,0.00,0.00,,16.6,0,0,0,0.1,0.1,0.04,-0.1,-0.1,Matches
183,Evan Ferguson,ie IRL,FW,Brighton,18,2004,15.2,6,33,20,60.6,2.17,1.32,0.18,0.30,15.5,0,0,0,4.6,4.6,0.14,+1.4,+1.4,Matches
184,Bruno Fernandes,pt POR,"MF,FW",Manchester Utd,28,1994,34.6,10,90,35,38.9,2.60,1.01,0.07,0.17,22.8,11,4,5,10.0,6.1,0.07,0.0,-0.1,Matches
185,Enzo FernÃ¡ndez,ar ARG,MF,Chelsea,22,2001,24.5,3,45,13,28.9,1.83,0.53,0.04,0.15,21.3,2,1,2,6.2,4.6,0.10,-3.2,-2.6,Matches
186,John Fleck,sct SCO,"MF,DF",Sheffield Utd,31,1991,1.0,0,0,0,,0.00,0.00,,,,0,0,0,0.0,0.0,,0.0,0.0,Matches
187,Mark Flekken,nl NED,GK,Brentford,30,1993,36.5,0,0,0,,0.00,0.00,,,,0,0,0,0.0,0.0,,0.0,0.0,Matches
188,Phil Foden,eng ENG,"FW,MF",Manchester City,23,2000,31.7,19,105,48,45.7,3.31,1.51,0.18,0.40,18.5,4,0,0,10.3,10.3,0.10,+8.7,+8.7,Matches
189,Wes Foderingham,eng ENG,GK,Sheffield Utd,32,1991,29.4,0,0,0,,0.00,0.00,,,,0,0,0,0.0,0.0,,0.0,0.0,Matches
190,Pablo Fornals,es ESP,"MF,FW",West Ham,27,1996,4.7,0,7,3,42.9,1.48,0.63,0.00,0.00,20.1,0,0,0,0.3,0.3,0.04,-0.3,-0.3,Matches
191,Omari Forson,eng ENG,FW,Manchester Utd,19,2004,0.8,0,1,0,0.0,1.29,0.00,0.00,,21.6,0,0,0,0.0,0.0,0.03,0.0,0.0,Matches
192,Lyle Foster,za RSA,"FW,MF",Burnley,22,2000,21.1,5,34,16,47.1,1.61,0.76,0.15,0.31,14.6,0,0,0,4.5,4.5,0.13,+0.5,+0.5,Matches
193,Matheus FranÃ§a,br BRA,"MF,FW",Crystal Palace,19,2004,2.6,0,8,2,25.0,3.10,0.78,0.00,0.00,21.8,0,0,0,0.4,0.4,0.05,-0.4,-0.4,Matches
194,Nathan Fraser,ie IRL,FW,Wolves,18,2005,2.1,0,3,2,66.7,1.45,0.97,0.00,0.00,16.6,0,0,0,0.3,0.3,0.11,-0.3,-0.3,Matches
195,Cody Gakpo,nl NED,"FW,MF",Liverpool,24,1999,18.3,8,66,24,36.4,3.60,1.31,0.12,0.33,15.4,0,0,0,9.0,9.0,0.14,-1.0,-1.0,Matches
196,Conor Gallagher,eng ENG,MF,Chelsea,23,2000,34.8,5,48,17,35.4,1.38,0.49,0.10,0.29,20.4,0,0,0,4.2,4.2,0.09,+0.8,+0.8,Matches
197,Idrissa Gana Gueye,sn SEN,MF,Everton,33,1989,20.9,4,26,7,26.9,1.24,0.33,0.15,0.57,22.2,1,0,0,1.3,1.3,0.05,+2.7,+2.7,Matches
198,Alejandro Garnacho,ar ARG,FW,Manchester Utd,19,2004,28.5,7,100,27,27.0,3.51,0.95,0.07,0.26,15.8,0,0,0,8.4,8.3,0.08,-1.4,-1.3,Matches
199,James Garner,eng ENG,MF,Everton,22,2001,33.4,1,41,10,24.4,1.23,0.30,0.02,0.10,22.1,5,0,0,2.7,2.7,0.07,-1.7,-1.7,Matches
200,Saman Ghoddos,ir IRN,DF,Brentford,29,1993,8.2,1,9,2,22.2,1.10,0.24,0.11,0.50,22.5,0,0,0,0.3,0.3,0.03,+0.7,+0.7,Matches
Rk,Player,Nation,Pos,Squad,Age,Born,90s,Gls,Sh,SoT,SoT%,Sh/90,SoT/90,G/Sh,G/SoT,Dist,FK,PK,PKatt,xG,npxG,npxG/Sh,G-xG,np:G-xG,Matches
201,Morgan Gibbs-White,eng ENG,"MF,FW",Nott'ham Forest,23,2000,35.1,5,70,13,18.6,2.00,0.37,0.06,0.31,19.8,4,1,1,6.9,6.1,0.09,-1.9,-2.1,Matches
202,Bryan Gil,es ESP,"FW,MF",Tottenham,22,2001,2.3,0,4,1,25.0,1.72,0.43,0.00,0.00,13.9,0,0,0,0.8,0.8,0.19,-0.8,-0.8,Matches
203,Alfie Gilchrist,eng ENG,DF,Chelsea,19,2003,2.3,1,5,1,20.0,2.17,0.43,0.20,1.00,13.5,0,0,0,0.3,0.3,0.06,+0.7,+0.7,Matches
204,Billy Gilmour,sct SCO,MF,Brighton,22,2001,23.6,0,25,5,20.0,1.06,0.21,0.00,0.00,25.4,0,0,0,1.0,1.0,0.04,-1.0,-1.0,Matches
205,Ben Godfrey,eng ENG,DF,Everton,25,1998,12.4,0,15,3,20.0,1.21,0.24,0.00,0.00,12.0,0,0,0,1.7,1.7,0.12,-1.7,-1.7,Matches
206,AndrÃ© Gomes,pt POR,"MF,FW",Everton,30,1993,5.6,1,8,4,50.0,1.42,0.71,0.13,0.25,22.4,2,0,0,0.3,0.3,0.04,+0.7,+0.7,Matches
207,JoÃ£o Gomes,br BRA,MF,Wolves,22,2001,29.4,2,26,7,26.9,0.88,0.24,0.08,0.29,18.5,0,0,0,1.7,1.7,0.07,+0.3,+0.3,Matches
208,Toti Gomes,pt POR,DF,Wolves,24,1999,30.8,1,10,5,50.0,0.32,0.16,0.10,0.20,9.9,0,0,0,1.6,1.6,0.16,-0.6,-0.6,Matches
209,Joe Gomez,eng ENG,DF,Liverpool,26,1997,19.8,0,19,2,10.5,0.96,0.10,0.00,0.00,19.9,0,0,0,0.8,0.8,0.04,-0.8,-0.8,Matches
210,Sergio GÃ³mez,es ESP,"FW,MF",Manchester City,22,2000,0.6,0,2,0,0.0,3.40,0.00,0.00,,15.4,0,0,0,0.2,0.2,0.12,-0.2,-0.2,Matches
211,Enso Gonzalez,py PAR,"MF,DF",Wolves,18,2005,0.0,0,0,0,,0.00,0.00,,,,0,0,0,0.0,0.0,,0.0,0.0,Matches
212,Anthony Gordon,eng ENG,FW,Newcastle Utd,22,2001,32.1,11,80,29,36.3,2.49,0.90,0.13,0.34,17.3,1,1,1,10.2,9.4,0.12,+0.8,+0.6,Matches
213,Kaide Gordon,eng ENG,FW,Liverpool,18,2004,0.0,0,0,0,,0.00,0.00,,,,0,0,0,0.0,0.0,,0.0,0.0,Matches
214,Daniel Gore,eng ENG,MF,Manchester Utd,18,2004,0.0,0,0,0,,0.00,0.00,,,,0,0,0,0.0,0.0,,0.0,0.0,Matches
215,Ryan Gravenberch,nl NED,MF,Liverpool,21,2002,12.5,1,23,8,34.8,1.85,0.64,0.04,0.13,20.6,0,0,0,2.0,2.0,0.09,-1.0,-1.0,Matches
216,Ivo GrbiÄ,hr CRO,GK,Sheffield Utd,27,1996,8.6,0,0,0,,0.00,0.00,,,,0,0,0,0.0,0.0,,0.0,0.0,Matches
217,Jack Grealish,eng ENG,"FW,MF",Manchester City,27,1995,11.2,3,22,5,22.7,1.96,0.45,0.14,0.60,16.1,0,0,0,2.1,2.1,0.09,+0.9,+0.9,Matches
218,Pascal GroÃ,de GER,"MF,DF",Brighton,32,1991,34.6,4,54,18,33.3,1.56,0.52,0.06,0.17,19.8,4,1,1,6.5,5.7,0.11,-2.5,-2.7,Matches
219,Marc GuÃ©hi,eng ENG,DF,Crystal Palace,23,2000,22.5,0,5,0,0.0,0.22,0.00,0.00,,9.7,0,0,0,0.6,0.6,0.13,-0.6,-0.6,Matches
220,Bruno GuimarÃ£es,br BRA,MF,Newcastle Utd,25,1997,36.3,7,48,16,33.3,1.32,0.44,0.15,0.44,17.8,0,0,0,4.8,4.8,0.10,+2.2,+2.2,Matches
221,Malo Gusto,fr FRA,DF,Chelsea,20,2003,19.5,0,15,5,33.3,0.77,0.26,0.00,0.00,18.2,0,0,0,0.9,0.9,0.06,-0.9,-0.9,Matches
222,JoÅ¡ko Gvardiol,hr CRO,DF,Manchester City,21,2002,25.9,4,32,13,40.6,1.24,0.50,0.13,0.31,15.6,0,0,0,3.1,3.1,0.10,+0.9,+0.9,Matches
223,Erling Haaland,no NOR,FW,Manchester City,23,2000,28.4,27,113,50,44.2,3.99,1.76,0.18,0.40,11.9,1,7,8,29.2,22.9,0.20,-2.2,-2.9,Matches
224,Antwoine Hackford,eng ENG,FW,Sheffield Utd,19,2004,0.1,0,0,0,,0.00,0.00,,,,0,0,0,0.0,0.0,,0.0,0.0,Matches
225,Lewis Hall,eng ENG,DF,Newcastle Utd,18,2004,8.7,1,11,4,36.4,1.27,0.46,0.09,0.25,20.8,0,0,0,0.3,0.3,0.03,+0.7,+0.7,Matches
Rk,Player,Nation,Pos,Squad,Age,Born,90s,Gls,Sh,SoT,SoT%,Sh/90,SoT/90,G/Sh,G/SoT,Dist,FK,PK,PKatt,xG,npxG,npxG/Sh,G-xG,np:G-xG,Matches
226,Gustavo Hamer,nl NED,MF,Sheffield Utd,26,1997,32.3,4,49,13,26.5,1.52,0.40,0.08,0.31,23.5,6,0,0,3.0,3.0,0.06,+1.0,+1.0,Matches
227,Luke Harris,wls WAL,MF,Fulham,18,2005,0.8,0,1,1,100.0,1.20,1.20,0.00,0.00,11.2,0,0,0,0.3,0.3,0.28,-0.3,-0.3,Matches
228,Jack Harrison,eng ENG,"MF,FW",Everton,26,1996,24.6,3,34,9,26.5,1.38,0.37,0.09,0.33,17.8,1,0,0,3.6,3.6,0.11,-0.6,-0.6,Matches
229,Daiki Hashioka,jp JPN,DF,Luton Town,24,1999,6.6,0,2,0,0.0,0.30,0.00,0.00,,18.1,0,0,0,0.1,0.1,0.05,-0.1,-0.1,Matches
230,Kai Havertz,de GER,"MF,FW",Arsenal,24,1999,29.3,13,68,27,39.7,2.32,0.92,0.18,0.44,12.4,0,1,1,12.3,11.6,0.17,+0.7,+0.4,Matches
231,Jan Paul van Hecke,nl NED,DF,Brighton,23,2000,26.3,0,15,6,40.0,0.57,0.23,0.00,0.00,11.3,0,0,0,1.2,1.2,0.08,-1.2,-1.2,Matches
232,Hwang Hee-chan,kr KOR,"FW,MF",Wolves,27,1996,23.5,12,44,17,38.6,1.87,0.72,0.25,0.65,12.2,0,1,1,7.7,6.9,0.16,+4.3,+4.1,Matches
233,Dean Henderson,eng ENG,GK,Crystal Palace,26,1997,18.0,0,0,0,,0.00,0.00,,,,0,0,0,0.0,0.0,,0.0,0.0,Matches
234,Rico Henry,eng ENG,DF,Brentford,26,1997,4.5,0,2,0,0.0,0.45,0.00,0.00,,19.2,0,0,0,0.1,0.1,0.04,-0.1,-0.1,Matches
235,Son Heung-min,kr KOR,FW,Tottenham,31,1992,32.6,17,83,38,45.8,2.55,1.17,0.18,0.39,15.5,0,2,2,12.0,10.4,0.13,+5.0,+4.6,Matches
236,Aaron Hickey,sct SCO,DF,Brentford,21,2002,7.9,0,7,1,14.3,0.88,0.13,0.00,0.00,25.3,0,0,0,0.2,0.2,0.03,-0.2,-0.2,Matches
237,James Hill,eng ENG,DF,Bournemouth,21,2002,0.8,0,0,0,,0.00,0.00,,,,0,0,0,0.0,0.0,,0.0,0.0,Matches
238,Jack Hinshelwood,eng ENG,DF,Brighton,18,2005,9.7,3,14,8,57.1,1.45,0.83,0.21,0.38,9.2,0,0,0,1.9,1.9,0.14,+1.1,+1.1,Matches
239,Mason Holgate,eng ENG,DF,Sheffield Utd,26,1996,7.9,0,3,0,0.0,0.38,0.00,0.00,,6.5,0,0,0,0.6,0.6,0.22,-0.6,-0.6,Matches
240,Callum Hudson-Odoi,eng ENG,"FW,MF",Nott'ham Forest,22,2000,20.6,8,38,20,52.6,1.84,0.97,0.21,0.40,18.3,1,0,0,2.7,2.7,0.07,+5.3,+5.3,Matches
241,Will Hughes,eng ENG,MF,Crystal Palace,28,1995,21.0,0,8,3,37.5,0.38,0.14,0.00,0.00,18.3,0,0,0,0.3,0.3,0.04,-0.3,-0.3,Matches
242,Pierre HÃ¸jbjerg,dk DEN,MF,Tottenham,27,1995,14.6,0,19,6,31.6,1.30,0.41,0.00,0.00,26.5,3,0,0,0.7,0.7,0.04,-0.7,-0.7,Matches
243,Rasmus HÃ¸jlund,dk DEN,FW,Manchester Utd,20,2003,24.0,10,38,20,52.6,1.58,0.83,0.26,0.50,11.6,0,0,0,7.6,7.6,0.20,+2.4,+2.4,Matches
244,Igor,br BRA,DF,Brighton,25,1998,18.2,0,5,0,0.0,0.27,0.00,0.00,,21.0,0,0,0,0.3,0.3,0.05,-0.3,-0.3,Matches
245,Danny Ings,eng ENG,FW,West Ham,31,1992,4.5,1,12,4,33.3,2.67,0.89,0.08,0.25,13.4,0,0,0,1.3,1.3,0.11,-0.3,-0.3,Matches
246,Tim Iroegbunam,eng ENG,MF,Aston Villa,20,2003,1.8,0,0,0,,0.00,0.00,,,,0,0,0,0.0,0.0,,0.0,0.0,Matches
247,Alexander Isak,se SWE,FW,Newcastle Utd,23,1999,25.1,21,72,36,50.0,2.87,1.44,0.22,0.44,14.5,1,5,6,20.3,15.6,0.22,+0.7,+0.4,Matches
248,Alex Iwobi,ng NGA,MF,Everton,27,1996,1.6,0,4,2,50.0,2.57,1.29,0.00,0.00,16.2,0,0,0,0.3,0.3,0.08,-0.3,-0.3,Matches
249,Alex Iwobi,ng NGA,"FW,MF",Fulham,27,1996,24.4,5,51,18,35.3,2.09,0.74,0.10,0.28,18.5,0,0,0,5.3,5.3,0.10,-0.3,-0.3,Matches
250,Nicolas Jackson,sn SEN,FW,Chelsea,22,2001,31.1,14,80,38,47.5,2.57,1.22,0.18,0.37,12.6,0,0,0,18.6,18.6,0.23,-4.6,-4.6,Matches
Rk,Player,Nation,Pos,Squad,Age,Born,90s,Gls,Sh,SoT,SoT%,Sh/90,SoT/90,G/Sh,G/SoT,Dist,FK,PK,PKatt,xG,npxG,npxG/Sh,G-xG,np:G-xG,Matches
251,Reece James,eng ENG,DF,Chelsea,23,1999,4.7,0,7,1,14.3,1.50,0.21,0.00,0.00,20.9,3,0,0,0.3,0.3,0.04,-0.3,-0.3,Matches
252,Vitaly Janelt,de GER,"MF,DF",Brentford,25,1998,33.9,1,21,7,33.3,0.62,0.21,0.05,0.14,18.0,0,0,0,1.8,1.8,0.08,-0.8,-0.8,Matches
253,Daniel Jebbison,eng ENG,FW,Sheffield Utd,19,2003,0.2,0,0,0,,0.00,0.00,,,,0,0,0,0.0,0.0,,0.0,0.0,Matches
254,Mathias Jensen,dk DEN,MF,Brentford,27,1996,24.5,3,14,7,50.0,0.57,0.29,0.21,0.43,26.7,3,0,0,0.7,0.7,0.05,+2.3,+2.3,Matches
255,Gabriel Jesus,br BRA,FW,Arsenal,26,1997,16.4,4,55,19,34.5,3.35,1.16,0.07,0.21,12.2,0,0,0,6.3,6.3,0.12,-2.3,-2.3,Matches
256,RaÃºl JimÃ©nez,mx MEX,FW,Fulham,32,1991,15.5,7,41,17,41.5,2.65,1.10,0.17,0.41,14.7,0,0,0,5.2,5.2,0.13,+1.8,+1.8,Matches
257,JoÃ£o Pedro,br BRA,"FW,MF",Brighton,21,2001,22.7,9,70,20,28.6,3.08,0.88,0.07,0.25,14.4,0,4,5,11.9,7.9,0.11,-2.9,-2.9,Matches
258,Joelinton,br BRA,"MF,FW",Newcastle Utd,26,1996,14.2,2,19,7,36.8,1.34,0.49,0.11,0.29,15.5,0,0,0,3.1,3.1,0.16,-1.1,-1.1,Matches
259,Ryan John Giles,eng ENG,"DF,MF",Luton Town,23,2000,5.6,0,2,2,100.0,0.36,0.36,0.00,0.00,14.2,0,0,0,0.1,0.1,0.05,-0.1,-0.1,Matches
260,Ben Johnson,eng ENG,"DF,FW",West Ham,23,2000,6.0,0,6,2,33.3,0.99,0.33,0.00,0.00,24.1,0,0,0,0.2,0.2,0.03,-0.2,-0.2,Matches
261,Brennan Johnson,wls WAL,FW,Tottenham,22,2001,23.2,5,50,19,38.0,2.16,0.82,0.10,0.26,12.9,0,0,0,10.3,10.3,0.21,-5.3,-5.3,Matches
262,Brennan Johnson,wls WAL,"FW,MF",Nott'ham Forest,22,2001,2.6,0,3,0,0.0,1.14,0.00,0.00,,19.7,0,0,0,0.3,0.3,0.11,-0.3,-0.3,Matches
263,Joseph Johnson,eng ENG,DF,Luton Town,17,2006,0.9,0,0,0,,0.00,0.00,,,,0,0,0,0.0,0.0,,0.0,0.0,Matches
264,Sam Johnstone,eng ENG,GK,Crystal Palace,30,1993,20.0,0,0,0,,0.00,0.00,,,,0,0,0,0.0,0.0,,0.0,0.0,Matches
265,Curtis Jones,eng ENG,MF,Liverpool,22,2001,13.0,1,19,5,26.3,1.47,0.39,0.05,0.20,16.2,0,0,0,2.6,2.6,0.14,-1.6,-1.6,Matches
266,Jorginho,it ITA,MF,Arsenal,31,1991,10.2,0,4,0,0.0,0.39,0.00,0.00,,24.6,0,0,0,0.1,0.1,0.02,-0.1,-0.1,Matches
267,Diogo Jota,pt POR,FW,Liverpool,26,1996,12.7,10,41,19,46.3,3.22,1.49,0.24,0.53,12.3,0,0,0,5.3,5.3,0.13,+4.7,+4.7,Matches
268,Mads Juel Andersen,dk DEN,DF,Luton Town,25,1997,4.4,1,3,1,33.3,0.68,0.23,0.33,1.00,9.2,0,0,0,0.3,0.3,0.09,+0.7,+0.7,Matches
269,Hamed Junior TraorÃ¨,ci CIV,MF,Bournemouth,23,2000,0.5,0,3,2,66.7,5.74,3.83,0.00,0.00,25.9,0,0,0,0.2,0.2,0.06,-0.2,-0.2,Matches
270,Mathias JÃ¸rgensen,dk DEN,DF,Brentford,33,1990,12.1,1,8,2,25.0,0.66,0.17,0.13,0.50,14.2,0,0,0,0.7,0.7,0.09,+0.3,+0.3,Matches
271,Issa KaborÃ©,bf BFA,DF,Luton Town,22,2001,19.2,0,6,1,16.7,0.31,0.05,0.00,0.00,15.8,0,0,0,0.2,0.2,0.04,-0.2,-0.2,Matches
272,Sasa Kalajdzic,at AUT,FW,Wolves,26,1997,1.8,2,4,2,50.0,2.17,1.08,0.50,1.00,11.2,0,0,0,1.1,1.1,0.26,+0.9,+0.9,Matches
273,Boubacar Kamara,fr FRA,MF,Aston Villa,23,1999,18.4,0,5,1,20.0,0.27,0.05,0.00,0.00,16.7,0,0,0,0.1,0.1,0.03,-0.1,-0.1,Matches
274,Willy Kambwala,fr FRA,DF,Manchester Utd,18,2004,3.7,0,0,0,,0.00,0.00,,,,0,0,0,0.0,0.0,,0.0,0.0,Matches
275,Thomas Kaminski,be BEL,GK,Luton Town,30,1992,37.8,0,0,0,,0.00,0.00,,,,0,0,0,0.0,0.0,,0.0,0.0,Matches
Rk,Player,Nation,Pos,Squad,Age,Born,90s,Gls,Sh,SoT,SoT%,Sh/90,SoT/90,G/Sh,G/SoT,Dist,FK,PK,PKatt,xG,npxG,npxG/Sh,G-xG,np:G-xG,Matches
276,Loris Karius,de GER,GK,Newcastle Utd,30,1993,1.0,0,0,0,,0.00,0.00,,,,0,0,0,0.0,0.0,,0.0,0.0,Matches
277,Michael Keane,eng ENG,DF,Everton,30,1993,4.9,1,6,4,66.7,1.23,0.82,0.17,0.25,10.8,0,0,0,0.7,0.7,0.12,+0.3,+0.3,Matches
278,Thilo Kehrer,de GER,"DF,MF",West Ham,26,1996,0.2,0,0,0,,0.00,0.00,,,,0,0,0,0.0,0.0,,0.0,0.0,Matches
279,CaoimhÃ­n Kelleher,ie IRL,GK,Liverpool,24,1998,10.0,0,0,0,,0.00,0.00,,,,0,0,0,0.0,0.0,,0.0,0.0,Matches
280,Lloyd Kelly,eng ENG,DF,Bournemouth,24,1998,17.3,0,4,1,25.0,0.23,0.06,0.00,0.00,8.6,0,0,0,0.3,0.3,0.08,-0.3,-0.3,Matches
281,Omari Kellyman,eng ENG,FW,Aston Villa,17,2005,0.4,0,1,0,0.0,2.43,0.00,0.00,,20.8,0,0,0,0.1,0.1,0.07,-0.1,-0.1,Matches
282,Milos Kerkez,hu HUN,DF,Bournemouth,19,2003,21.9,0,16,5,31.3,0.73,0.23,0.00,0.00,19.3,0,0,0,1.2,1.2,0.08,-1.2,-1.2,Matches
283,Kaine Kesler-Hayden,eng ENG,"MF,DF",Aston Villa,20,2002,0.1,0,0,0,,0.00,0.00,,,,0,0,0,0.0,0.0,,0.0,0.0,Matches
284,Max Kilman,eng ENG,DF,Wolves,26,1997,38.0,2,14,5,35.7,0.37,0.13,0.14,0.40,9.8,0,0,0,1.8,1.8,0.13,+0.2,+0.2,Matches
285,Jakub Kiwior,pl POL,DF,Arsenal,23,2000,10.5,1,6,2,33.3,0.57,0.19,0.17,0.50,13.8,0,0,0,0.8,0.8,0.14,+0.2,+0.2,Matches
286,Justin Kluivert,nl NED,"MF,FW",Bournemouth,24,1999,21.3,7,56,20,35.7,2.63,0.94,0.13,0.35,17.4,3,0,0,6.2,6.2,0.11,+0.8,+0.8,Matches
287,Luca Koleosho,it ITA,"MF,FW",Burnley,18,2004,10.8,1,23,5,21.7,2.13,0.46,0.04,0.20,18.5,0,0,0,2.0,2.0,0.09,-1.0,-1.0,Matches
288,Ibrahima KonatÃ©,fr FRA,DF,Liverpool,24,1999,17.5,0,11,2,18.2,0.63,0.11,0.00,0.00,11.6,0,0,0,0.7,0.7,0.06,-0.7,-0.7,Matches
289,Ezri Konsa,eng ENG,DF,Aston Villa,25,1997,34.1,1,19,5,26.3,0.56,0.15,0.05,0.20,12.2,0,0,0,2.5,2.5,0.13,-1.5,-1.5,Matches
290,Cheikhou KouyatÃ©,sn SEN,MF,Nott'ham Forest,33,1989,2.4,0,5,1,20.0,2.12,0.42,0.00,0.00,19.8,0,0,0,0.3,0.3,0.06,-0.3,-0.3,Matches
291,Mateo KovaÄiÄ,hr CRO,MF,Manchester City,29,1994,17.2,1,22,5,22.7,1.28,0.29,0.05,0.20,20.8,0,0,0,1.3,1.3,0.06,-0.3,-0.3,Matches
292,Emil Krafth,se SWE,DF,Newcastle Utd,28,1994,10.1,0,4,0,0.0,0.39,0.00,0.00,,17.9,0,0,0,0.2,0.2,0.05,-0.2,-0.2,Matches
293,Mohammed Kudus,gh GHA,"FW,MF",West Ham,22,2000,27.6,8,67,17,25.4,2.43,0.62,0.12,0.47,18.6,0,0,0,5.1,5.1,0.08,+2.9,+2.9,Matches
294,Dejan Kulusevski,se SWE,"FW,MF",Tottenham,23,2000,30.7,8,57,23,40.4,1.86,0.75,0.14,0.35,15.7,0,0,0,4.7,4.7,0.08,+3.3,+3.3,Matches
295,Adam Lallana,eng ENG,"MF,FW",Brighton,35,1988,9.4,0,11,2,18.2,1.16,0.21,0.00,0.00,17.8,0,0,0,0.8,0.8,0.08,-0.8,-0.8,Matches
296,Tariq Lamptey,gh GHA,"DF,FW",Brighton,22,2000,10.2,0,6,0,0.0,0.59,0.00,0.00,,18.2,0,0,0,0.4,0.4,0.07,-0.4,-0.4,Matches
297,Aymeric Laporte,es ESP,DF,Manchester City,29,1994,0.1,0,1,1,100.0,7.50,7.50,0.00,0.00,10.8,0,0,0,0.0,0.0,0.04,0.0,0.0,Matches
298,Yasser Larouci,dz ALG,DF,Sheffield Utd,22,2001,5.9,0,6,1,16.7,1.02,0.17,0.00,0.00,19.1,0,0,0,0.2,0.2,0.04,-0.2,-0.2,Matches
299,Jamaal Lascelles,eng ENG,DF,Newcastle Utd,29,1993,12.0,1,6,1,16.7,0.50,0.08,0.17,1.00,9.3,0,0,0,0.7,0.7,0.12,+0.3,+0.3,Matches
300,RomÃ©o Lavia,be BEL,MF,Chelsea,19,2004,0.4,0,0,0,,0.00,0.00,,,,0,0,0,0.0,0.0,,0.0,0.0,Matches
Rk,Player,Nation,Pos,Squad,Age,Born,90s,Gls,Sh,SoT,SoT%,Sh/90,SoT/90,G/Sh,G/SoT,Dist,FK,PK,PKatt,xG,npxG,npxG/Sh,G-xG,np:G-xG,Matches
301,Mario Lemina,ga GAB,MF,Wolves,29,1993,33.0,4,48,18,37.5,1.46,0.55,0.08,0.22,16.6,0,0,0,4.6,4.6,0.10,-0.6,-0.6,Matches
302,ClÃ©ment Lenglet,fr FRA,DF,Aston Villa,28,1995,12.8,0,8,2,25.0,0.62,0.16,0.00,0.00,10.5,0,0,0,0.9,0.9,0.11,-0.9,-0.9,Matches
303,Bernd Leno,de GER,GK,Fulham,31,1992,38.0,0,0,0,,0.00,0.00,,,,0,0,0,0.0,0.0,,0.0,0.0,Matches
304,Jefferson Lerma,co COL,"MF,DF",Crystal Palace,28,1994,26.7,1,34,9,26.5,1.27,0.34,0.03,0.11,19.7,0,0,0,2.7,2.7,0.08,-1.7,-1.7,Matches
305,Rico Lewis,eng ENG,"DF,MF",Manchester City,18,2004,9.0,2,5,4,80.0,0.56,0.44,0.40,0.50,15.5,0,0,0,0.6,0.6,0.13,+1.4,+1.4,Matches
306,Keane Lewis-Potter,eng ENG,"FW,DF",Brentford,22,2001,16.0,3,43,20,46.5,2.69,1.25,0.07,0.15,12.8,0,0,0,6.3,6.3,0.15,-3.3,-3.3,Matches
307,Victor LindelÃ¶f,se SWE,DF,Manchester Utd,29,1994,14.8,1,6,4,66.7,0.41,0.27,0.17,0.25,10.4,0,0,0,0.8,0.8,0.13,+0.2,+0.2,Matches
308,Valentino Livramento,eng ENG,DF,Newcastle Utd,20,2002,14.6,1,4,2,50.0,0.27,0.14,0.25,0.50,12.9,0,0,0,0.4,0.4,0.09,+0.6,+0.6,Matches
309,Giovani Lo Celso,ar ARG,MF,Tottenham,27,1996,5.6,2,13,6,46.2,2.31,1.07,0.15,0.33,21.7,0,0,0,0.6,0.6,0.04,+1.4,+1.4,Matches
310,Tom Lockyer,wls WAL,DF,Luton Town,28,1994,13.0,1,7,1,14.3,0.54,0.08,0.14,1.00,8.5,0,0,0,1.1,1.1,0.15,-0.1,-0.1,Matches
311,Sean Longstaff,eng ENG,MF,Newcastle Utd,25,1997,30.5,6,41,15,36.6,1.34,0.49,0.15,0.40,14.5,0,0,0,6.6,6.6,0.16,-0.6,-0.6,Matches
312,Max Lowe,eng ENG,"DF,MF",Sheffield Utd,26,1997,5.6,0,2,0,0.0,0.36,0.00,0.00,,10.4,0,0,0,0.6,0.6,0.29,-0.6,-0.6,Matches
313,Douglas Luiz,br BRA,MF,Aston Villa,25,1998,33.3,9,44,13,29.5,1.32,0.39,0.11,0.38,23.3,5,4,4,6.9,3.8,0.09,+2.1,+1.2,Matches
314,SaÅ¡a LukiÄ,rs SRB,MF,Fulham,26,1996,12.5,1,13,3,23.1,1.04,0.24,0.08,0.33,17.1,0,0,0,1.6,1.6,0.12,-0.6,-0.6,Matches
315,Ian Maatsen,nl NED,"FW,MF",Chelsea,21,2002,2.3,0,5,0,0.0,2.15,0.00,0.00,,17.1,0,0,0,0.8,0.8,0.16,-0.8,-0.8,Matches
316,Alexis Mac Allister,ar ARG,MF,Liverpool,24,1998,28.9,5,43,8,18.6,1.49,0.28,0.09,0.50,23.3,2,1,1,3.7,2.9,0.07,+1.3,+1.1,Matches
317,James Maddison,eng ENG,MF,Tottenham,26,1996,23.7,4,58,23,39.7,2.44,0.97,0.07,0.17,19.2,3,0,0,6.4,6.4,0.11,-2.4,-2.4,Matches
318,Noni Madueke,eng ENG,FW,Chelsea,21,2002,11.7,5,31,12,38.7,2.65,1.03,0.13,0.33,19.0,0,1,1,2.5,1.7,0.05,+2.5,+2.3,Matches
319,Gabriel MagalhÃ£es,br BRA,DF,Arsenal,25,1997,33.8,4,31,10,32.3,0.92,0.30,0.13,0.40,7.9,0,0,0,4.3,4.3,0.14,-0.3,-0.3,Matches
320,Harry Maguire,eng ENG,DF,Manchester Utd,30,1993,18.4,2,20,3,15.0,1.09,0.16,0.10,0.67,11.5,0,0,0,2.0,2.0,0.10,0.0,0.0,Matches
321,Kobbie Mainoo,eng ENG,MF,Manchester Utd,18,2005,21.4,3,11,5,45.5,0.51,0.23,0.27,0.60,21.1,0,0,0,0.9,0.9,0.08,+2.1,+2.1,Matches
322,Orel Mangala,be BEL,MF,Nott'ham Forest,25,1998,17.4,1,10,1,10.0,0.58,0.06,0.10,1.00,18.9,0,0,0,0.8,0.8,0.08,+0.2,+0.2,Matches
323,Benson Manuel,ao ANG,"MF,FW",Burnley,26,1997,1.3,0,4,2,50.0,3.10,1.55,0.00,0.00,24.0,0,0,0,0.1,0.1,0.02,-0.1,-0.1,Matches
324,Solly March,eng ENG,"FW,DF",Brighton,29,1994,6.2,3,14,6,42.9,2.27,0.97,0.21,0.50,16.6,1,0,0,2.0,2.0,0.14,+1.0,+1.0,Matches
325,Anthony Martial,fr FRA,FW,Manchester Utd,27,1995,5.0,1,6,4,66.7,1.21,0.80,0.17,0.25,12.9,0,0,0,1.2,1.2,0.20,-0.2,-0.2,Matches
Rk,Player,Nation,Pos,Squad,Age,Born,90s,Gls,Sh,SoT,SoT%,Sh/90,SoT/90,G/Sh,G/SoT,Dist,FK,PK,PKatt,xG,npxG,npxG/Sh,G-xG,np:G-xG,Matches
326,Gabriel Martinelli,br BRA,FW,Arsenal,22,2001,22.4,6,58,20,34.5,2.59,0.89,0.10,0.30,15.6,0,0,0,6.8,6.8,0.12,-0.8,-0.8,Matches
327,Emiliano MartÃ­nez,ar ARG,GK,Aston Villa,30,1992,33.5,0,0,0,,0.00,0.00,,,,0,0,0,0.0,0.0,,0.0,0.0,Matches
328,Lisandro MartÃ­nez,ar ARG,DF,Manchester Utd,25,1998,7.2,0,0,0,,0.00,0.00,,,,0,0,0,0.0,0.0,,0.0,0.0,Matches
329,Han-Noah Massengo,fr FRA,"MF,DF",Burnley,22,2001,0.2,0,0,0,,0.00,0.00,,,,0,0,0,0.0,0.0,,0.0,0.0,Matches
330,Pape Matar Sarr,sn SEN,MF,Tottenham,20,2002,23.0,3,36,13,36.1,1.57,0.57,0.08,0.23,17.6,0,0,0,3.4,3.4,0.10,-0.4,-0.4,Matches
331,Jean-Philippe Mateta,fr FRA,FW,Crystal Palace,26,1997,25.4,16,44,25,56.8,1.74,0.99,0.32,0.56,12.7,0,2,2,10.9,9.4,0.21,+5.1,+4.6,Matches
332,JoÃ«l Matip,cm CMR,DF,Liverpool,31,1991,8.7,0,5,0,0.0,0.58,0.00,0.00,,10.6,0,0,0,0.5,0.5,0.10,-0.5,-0.5,Matches
333,Alex Matos,eng ENG,MF,Chelsea,18,2004,0.0,0,0,0,,0.00,0.00,,,,0,0,0,0.0,0.0,,0.0,0.0,Matches
334,Remi Matthews,eng ENG,GK,Crystal Palace,29,1994,0.0,0,0,0,,0.00,0.00,,,,0,0,0,0.0,0.0,,0.0,0.0,Matches
335,Neal Maupay,fr FRA,FW,Brentford,26,1996,14.7,6,37,14,37.8,2.52,0.95,0.16,0.43,15.3,1,0,0,5.7,5.7,0.16,+0.3,+0.3,Matches
336,Neal Maupay,fr FRA,FW,Everton,26,1996,1.2,0,5,4,80.0,4.05,3.24,0.00,0.00,12.5,0,0,0,1.4,1.4,0.29,-1.4,-1.4,Matches
337,Konstantinos Mavropanos,gr GRE,DF,West Ham,25,1997,16.7,1,12,2,16.7,0.72,0.12,0.08,0.50,9.3,0,0,0,1.2,1.2,0.10,-0.2,-0.2,Matches
338,Bryan Mbeumo,cm CMR,FW,Brentford,23,1999,21.8,9,50,16,32.0,2.30,0.73,0.12,0.38,17.1,4,3,3,9.8,7.4,0.15,-0.8,-1.4,Matches
339,James Mcatee,eng ENG,"MF,FW",Sheffield Utd,20,2002,20.2,3,25,8,32.0,1.23,0.40,0.08,0.25,18.6,2,1,1,3.1,2.3,0.09,-0.1,-0.3,Matches
340,James Mcatee,eng ENG,MF,Manchester City,20,2002,0.0,0,0,0,,0.00,0.00,,,,0,0,0,0.0,0.0,,0.0,0.0,Matches
341,Oliver McBurnie,sct SCO,FW,Sheffield Utd,27,1996,14.2,6,31,15,48.4,2.18,1.05,0.13,0.27,11.9,0,2,2,6.9,5.3,0.17,-0.9,-1.3,Matches
342,James McConnell,eng ENG,MF,Liverpool,18,2004,0.0,0,0,0,,0.00,0.00,,,,0,0,0,0.0,0.0,,0.0,0.0,Matches
343,John McGinn,sct SCO,"MF,FW",Aston Villa,28,1994,33.3,6,40,14,35.0,1.20,0.42,0.15,0.43,19.5,3,0,0,5.0,5.0,0.12,+1.0,+1.0,Matches
344,Scott McKenna,sct SCO,DF,Nott'ham Forest,26,1996,4.6,0,2,0,0.0,0.43,0.00,0.00,,10.8,0,0,0,0.2,0.2,0.10,-0.2,-0.2,Matches
345,Dwight McNeil,eng ENG,"MF,FW",Everton,23,1999,32.1,3,57,14,24.6,1.77,0.44,0.05,0.21,21.0,0,0,0,3.4,3.4,0.06,-0.4,-0.4,Matches
346,Scott McTominay,sct SCO,"MF,FW",Manchester Utd,26,1996,21.1,7,44,19,43.2,2.08,0.90,0.16,0.37,14.6,0,0,0,5.7,5.7,0.14,+1.3,+1.3,Matches
347,Ben Mee,eng ENG,DF,Brentford,33,1989,14.1,2,10,2,20.0,0.71,0.14,0.20,1.00,12.7,0,0,0,1.5,1.5,0.15,+0.5,+0.5,Matches
348,Hannibal Mejbri,tn TUN,"MF,FW",Manchester Utd,20,2003,1.5,1,1,1,100.0,0.68,0.68,1.00,1.00,28.7,0,0,0,0.0,0.0,0.03,+1.0,+1.0,Matches
349,Teden Mengi,eng ENG,DF,Luton Town,21,2002,27.4,1,11,4,36.4,0.40,0.15,0.09,0.25,17.6,0,0,0,0.6,0.6,0.05,+0.4,+0.4,Matches
350,Chris Mepham,wls WAL,DF,Bournemouth,25,1997,6.9,0,1,1,100.0,0.15,0.15,0.00,0.00,8.8,0,0,0,0.1,0.1,0.09,-0.1,-0.1,Matches
Rk,Player,Nation,Pos,Squad,Age,Born,90s,Gls,Sh,SoT,SoT%,Sh/90,SoT/90,G/Sh,G/SoT,Dist,FK,PK,PKatt,xG,npxG,npxG/Sh,G-xG,np:G-xG,Matches
351,Lewis Miley,eng ENG,MF,Newcastle Utd,17,2006,13.4,1,13,3,23.1,0.97,0.22,0.08,0.33,15.4,0,0,0,1.2,1.2,0.10,-0.2,-0.2,Matches
352,James Milner,eng ENG,"DF,MF",Brighton,37,1986,8.6,0,5,1,20.0,0.58,0.12,0.00,0.00,17.2,0,0,0,0.3,0.3,0.06,-0.3,-0.3,Matches
353,Tyrone Mings,eng ENG,DF,Aston Villa,30,1993,0.3,0,1,0,0.0,3.00,0.00,0.00,,18.4,0,0,0,0.0,0.0,0.01,0.0,0.0,Matches
354,Tyrick Mitchell,eng ENG,"DF,MF",Crystal Palace,23,1999,35.6,2,12,4,33.3,0.34,0.11,0.17,0.50,12.4,0,0,0,1.6,1.6,0.13,+0.4,+0.4,Matches
355,Kaoru Mitoma,jp JPN,FW,Brighton,26,1997,16.5,3,34,15,44.1,2.06,0.91,0.09,0.20,13.2,0,0,0,3.5,3.5,0.10,-0.5,-0.5,Matches
356,Aleksandar MitroviÄ,rs SRB,FW,Fulham,28,1994,0.4,0,2,1,50.0,5.45,2.73,0.00,0.00,11.0,0,0,0,0.2,0.2,0.08,-0.2,-0.2,Matches
357,Jakub Moder,pl POL,"MF,DF",Brighton,24,1999,6.9,0,11,3,27.3,1.60,0.44,0.00,0.00,17.8,1,0,0,0.6,0.6,0.05,-0.6,-0.6,Matches
358,Gonzalo Montiel,ar ARG,DF,Nott'ham Forest,26,1997,8.9,0,3,0,0.0,0.34,0.00,0.00,,18.4,0,0,0,0.1,0.1,0.04,-0.1,-0.1,Matches
359,Kieffer Moore,wls WAL,"FW,MF",Bournemouth,30,1992,1.2,1,6,2,33.3,5.00,1.67,0.17,0.50,12.5,0,0,0,1.5,1.5,0.25,-0.5,-0.5,Matches
360,Mikey Moore,eng ENG,MF,Tottenham,15,2007,0.0,0,0,0,,0.00,0.00,,,,0,0,0,0.0,0.0,,0.0,0.0,Matches
361,Ãlex Moreno,es ESP,DF,Aston Villa,30,1993,11.5,2,8,4,50.0,0.70,0.35,0.25,0.50,12.3,0,0,0,1.1,1.1,0.14,+0.9,+0.9,Matches
362,Carlton Morris,eng ENG,"FW,MF",Luton Town,27,1995,31.8,11,66,26,39.4,2.08,0.82,0.09,0.23,13.5,0,5,5,11.4,7.5,0.11,-0.4,-1.5,Matches
363,Mason Mount,eng ENG,"MF,FW",Manchester Utd,24,1999,5.7,1,5,1,20.0,0.87,0.17,0.20,1.00,13.6,0,0,0,0.4,0.4,0.08,+0.6,+0.6,Matches
364,Divin Mubama,eng ENG,FW,West Ham,18,2004,0.9,0,1,0,0.0,1.13,0.00,0.00,,12.5,0,0,0,0.1,0.1,0.15,-0.1,-0.1,Matches
365,Mykhailo Mudryk,ua UKR,FW,Chelsea,22,2001,17.5,5,35,12,34.3,2.00,0.69,0.14,0.42,17.2,0,0,0,4.4,4.4,0.13,+0.6,+0.6,Matches
366,Rodrigo Muniz,br BRA,FW,Fulham,22,2001,17.7,9,73,26,35.6,4.12,1.47,0.12,0.35,11.8,0,0,0,8.7,8.7,0.12,+0.3,+0.3,Matches
367,Daniel MuÃ±oz,co COL,"DF,MF",Crystal Palace,27,1996,16.0,0,8,0,0.0,0.50,0.00,0.00,,8.5,0,0,0,1.2,1.2,0.15,-1.2,-1.2,Matches
368,Finley Munroe,eng ENG,MF,Aston Villa,18,2005,0.0,0,0,0,,0.00,0.00,,,,0,0,0,0.0,0.0,,0.0,0.0,Matches
369,Arijanet Muric,xk KVX,GK,Burnley,24,1998,10.0,0,0,0,,0.00,0.00,,,,0,0,0,0.0,0.0,,0.0,0.0,Matches
370,Murillo,br BRA,DF,Nott'ham Forest,21,2002,31.0,0,17,6,35.3,0.55,0.19,0.00,0.00,22.6,2,0,0,1.8,1.8,0.11,-1.8,-1.8,Matches
371,Alex Murphy,ie IRL,"DF,FW",Newcastle Utd,19,2004,0.1,0,0,0,,0.00,0.00,,,,0,0,0,0.0,0.0,,0.0,0.0,Matches
372,Jacob Murphy,eng ENG,"FW,DF",Newcastle Utd,28,1995,13.2,3,30,10,33.3,2.27,0.76,0.10,0.30,19.6,0,0,0,2.1,2.1,0.07,+0.9,+0.9,Matches
373,Vitaliy Mykolenko,ua UKR,DF,Everton,24,1999,27.4,2,26,5,19.2,0.95,0.18,0.08,0.40,18.9,0,0,0,1.5,1.5,0.06,+0.5,+0.5,Matches
374,Marvelous Nakamba,zw ZIM,MF,Luton Town,29,1994,12.6,0,5,0,0.0,0.40,0.00,0.00,,23.6,0,0,0,0.2,0.2,0.04,-0.2,-0.2,Matches
375,Michael Ndiweni,eng ENG,FW,Newcastle Utd,19,2003,0.0,0,0,0,,0.00,0.00,,,,0,0,0,0.0,0.0,,0.0,0.0,Matches
Rk,Player,Nation,Pos,Squad,Age,Born,90s,Gls,Sh,SoT,SoT%,Sh/90,SoT/90,G/Sh,G/SoT,Dist,FK,PK,PKatt,xG,npxG,npxG/Sh,G-xG,np:G-xG,Matches
376,Reiss Nelson,eng ENG,FW,Arsenal,23,1999,3.0,0,4,1,25.0,1.34,0.34,0.00,0.00,19.7,0,0,0,0.2,0.2,0.05,-0.2,-0.2,Matches
377,Zack Nelson,eng ENG,"MF,DF",Luton Town,18,2004,0.1,0,0,0,,0.00,0.00,,,,0,0,0,0.0,0.0,,0.0,0.0,Matches
378,Neto,br BRA,GK,Bournemouth,34,1989,32.0,0,0,0,,0.00,0.00,,,,0,0,0,0.0,0.0,,0.0,0.0,Matches
379,Pedro Neto,pt POR,"FW,MF",Wolves,23,2000,16.8,2,36,12,33.3,2.14,0.71,0.06,0.17,16.8,3,0,0,3.5,3.5,0.10,-1.5,-1.5,Matches
380,Moussa Niakhate,sn SEN,DF,Nott'ham Forest,27,1996,16.2,1,5,1,20.0,0.31,0.06,0.20,1.00,9.0,0,0,0,1.1,1.1,0.22,-0.1,-0.1,Matches
381,Eddie Nketiah,eng ENG,FW,Arsenal,24,1999,12.0,5,38,12,31.6,3.16,1.00,0.13,0.42,12.7,0,0,0,4.5,4.5,0.12,+0.5,+0.5,Matches
382,Christopher Nkunku,fr FRA,"FW,MF",Chelsea,25,1997,4.9,3,16,7,43.8,3.25,1.42,0.19,0.43,11.4,0,0,0,2.3,2.3,0.14,+0.7,+0.7,Matches
383,Rhys Norrington-Davies,wls WAL,DF,Sheffield Utd,24,1999,1.2,0,0,0,,0.00,0.00,,,,0,0,0,0.0,0.0,,0.0,0.0,Matches
384,Oliver Norwood,nir NIR,MF,Sheffield Utd,32,1991,16.0,1,14,5,35.7,0.87,0.31,0.00,0.00,32.9,0,1,1,1.1,0.3,0.02,-0.1,-0.3,Matches
385,Matheus Nunes,pt POR,MF,Wolves,24,1998,2.0,0,1,0,0.0,0.50,0.00,0.00,,15.4,0,0,0,0.1,0.1,0.08,-0.1,-0.1,Matches
386,Matheus Nunes,pt POR,MF,Manchester City,24,1998,7.3,0,9,4,44.4,1.23,0.54,0.00,0.00,17.9,0,0,0,0.8,0.8,0.09,-0.8,-0.8,Matches
387,Darwin NÃºÃ±ez,uy URU,FW,Liverpool,24,1999,22.7,11,107,46,43.0,4.70,2.02,0.10,0.24,15.0,0,0,1,16.3,15.5,0.15,-5.3,-4.5,Matches
388,Ethan Nwaneri,eng ENG,FW,Arsenal,16,2007,0.2,0,0,0,,0.00,0.00,,,,0,0,0,0.0,0.0,,0.0,0.0,Matches
389,Christian NÃ¸rgaard,dk DEN,MF,Brentford,29,1994,27.8,2,35,7,20.0,1.26,0.25,0.06,0.29,14.4,0,0,0,3.5,3.5,0.10,-1.5,-1.5,Matches
390,Mark O'Mahony,ie IRL,FW,Brighton,18,2005,0.7,0,1,0,0.0,1.43,0.00,0.00,,16.8,0,0,0,0.1,0.1,0.06,-0.1,-0.1,Matches
391,Dara O'Shea,ie IRL,DF,Burnley,24,1999,32.1,3,19,5,26.3,0.59,0.16,0.16,0.60,10.6,0,0,0,0.7,0.7,0.04,+2.3,+2.3,Matches
392,Michael Obafemi,ie IRL,"FW,MF",Burnley,23,2000,0.2,0,2,0,0.0,9.00,0.00,0.00,,19.8,0,0,0,0.1,0.1,0.05,-0.1,-0.1,Matches
393,Wilson Odobert,fr FRA,"MF,FW",Burnley,18,2004,23.3,3,49,14,28.6,2.10,0.60,0.06,0.21,19.4,0,0,0,2.8,2.8,0.06,+0.2,+0.2,Matches
394,Odeluga Offiah,eng ENG,DF,Brighton,20,2002,1.4,0,0,0,,0.00,0.00,,,,0,0,0,0.0,0.0,,0.0,0.0,Matches
395,Chiedozie Ogbene,ie IRL,"MF,DF",Luton Town,26,1997,22.2,4,35,14,40.0,1.58,0.63,0.11,0.29,15.3,0,0,0,4.2,4.2,0.12,-0.2,-0.2,Matches
396,Angelo Ogbonna,it ITA,DF,West Ham,35,1988,7.1,0,1,0,0.0,0.14,0.00,0.00,,12.5,0,0,0,0.0,0.0,0.04,0.0,0.0,Matches
397,Michael Olakigbe,eng ENG,"DF,FW",Brentford,19,2004,0.7,0,3,0,0.0,4.58,0.00,0.00,,20.5,0,0,0,0.1,0.1,0.04,-0.1,-0.1,Matches
398,Michael Olise,fr FRA,"FW,MF",Crystal Palace,21,2001,14.2,10,56,20,35.7,3.95,1.41,0.16,0.45,18.5,4,1,1,5.5,4.7,0.08,+4.5,+4.3,Matches
399,Robin Olsen,se SWE,GK,Aston Villa,33,1990,4.5,0,0,0,,0.00,0.00,,,,0,0,0,0.0,0.0,,0.0,0.0,Matches
400,Andrew Omobamidele,ie IRL,DF,Nott'ham Forest,21,2002,8.7,0,1,0,0.0,0.11,0.00,0.00,,5.1,0,0,0,0.1,0.1,0.14,-0.1,-0.1,Matches
Rk,Player,Nation,Pos,Squad,Age,Born,90s,Gls,Sh,SoT,SoT%,Sh/90,SoT/90,G/Sh,G/SoT,Dist,FK,PK,PKatt,xG,npxG,npxG/Sh,G-xG,np:G-xG,Matches
401,Amadou Onana,be BEL,MF,Everton,21,2001,23.2,2,29,6,20.7,1.25,0.26,0.07,0.33,19.3,0,0,0,2.0,2.0,0.07,0.0,0.0,Matches
402,AndrÃ© Onana,cm CMR,GK,Manchester Utd,27,1996,38.0,0,0,0,,0.00,0.00,,,,0,0,0,0.0,0.0,,0.0,0.0,Matches
403,Ryan One,sct SCO,FW,Sheffield Utd,17,2006,0.1,0,0,0,,0.00,0.00,,,,0,0,0,0.0,0.0,,0.0,0.0,Matches
404,Tyler Onyango,eng ENG,MF,Everton,20,2003,0.0,0,0,0,,0.00,0.00,,,,0,0,0,0.0,0.0,,0.0,0.0,Matches
405,Fred Onyedinma,eng ENG,"DF,MF",Luton Town,26,1996,4.5,0,5,2,40.0,1.11,0.44,0.00,0.00,12.9,0,0,0,0.2,0.2,0.03,-0.2,-0.2,Matches
406,Frank Onyeka,ng NGA,MF,Brentford,25,1998,12.9,1,22,9,40.9,1.71,0.70,0.05,0.11,17.4,0,0,0,2.2,2.2,0.10,-1.2,-1.2,Matches
407,Divock Origi,be BEL,FW,Nott'ham Forest,28,1995,6.7,0,14,2,14.3,2.08,0.30,0.00,0.00,19.7,0,0,0,1.4,1.4,0.10,-1.4,-1.4,Matches
408,Stefan Ortega,de GER,GK,Manchester City,30,1992,7.1,0,0,0,,0.00,0.00,,,,0,0,0,0.0,0.0,,0.0,0.0,Matches
409,Ben Osborn,eng ENG,"DF,MF",Sheffield Utd,28,1994,15.2,0,4,0,0.0,0.26,0.00,0.00,,23.5,0,0,0,0.2,0.2,0.06,-0.2,-0.2,Matches
410,Gabriel Osho,ng NGA,DF,Luton Town,24,1998,20.5,2,10,2,20.0,0.49,0.10,0.20,1.00,14.8,0,0,0,1.1,1.1,0.11,+0.9,+0.9,Matches
411,William Osula,dk DEN,FW,Sheffield Utd,19,2003,8.7,0,21,8,38.1,2.40,0.92,0.00,0.00,14.4,0,0,0,1.6,1.6,0.08,-1.6,-1.6,Matches
412,Dango Ouattara,bf BFA,"FW,DF",Bournemouth,21,2002,13.7,1,30,7,23.3,2.20,0.51,0.03,0.14,15.2,0,0,0,2.6,2.6,0.09,-1.6,-1.6,Matches
413,David Ozoh,eng ENG,"MF,DF",Crystal Palace,18,2005,1.7,0,0,0,,0.00,0.00,,,,0,0,0,0.0,0.0,,0.0,0.0,Matches
414,JoÃ£o Palhinha,pt POR,MF,Fulham,28,1995,30.0,4,45,14,31.1,1.50,0.47,0.09,0.29,17.9,1,0,0,3.3,3.3,0.07,+0.7,+0.7,Matches
415,Cole Palmer,eng ENG,"FW,MF",Chelsea,21,2002,29.0,22,100,37,37.0,3.45,1.28,0.13,0.35,22.1,11,9,9,18.2,11.1,0.11,+3.8,+1.9,Matches
416,Cole Palmer,eng ENG,MF,Manchester City,21,2002,0.1,0,0,0,,0.00,0.00,,,,0,0,0,0.0,0.0,,0.0,0.0,Matches
417,Emerson Palmieri,it ITA,DF,West Ham,28,1994,34.9,1,19,4,21.1,0.55,0.11,0.05,0.25,17.3,0,0,0,1.5,1.5,0.08,-0.5,-0.5,Matches
418,Lucas PaquetÃ¡,br BRA,"FW,MF",West Ham,25,1997,29.1,4,40,8,20.0,1.37,0.27,0.05,0.25,17.8,1,2,2,5.4,3.8,0.10,-1.4,-1.8,Matches
419,Ben Parkinson,eng ENG,FW,Newcastle Utd,18,2005,0.3,0,0,0,,0.00,0.00,,,,0,0,0,0.0,0.0,,0.0,0.0,Matches
420,Thomas Partey,gh GHA,"MF,DF",Arsenal,30,1993,8.8,0,8,2,25.0,0.91,0.23,0.00,0.00,20.7,0,0,0,0.4,0.4,0.05,-0.4,-0.4,Matches
421,Nathan Patterson,sct SCO,DF,Everton,21,2001,11.2,0,4,0,0.0,0.36,0.00,0.00,,20.9,0,0,0,0.3,0.3,0.08,-0.3,-0.3,Matches
422,Myles Peart-Harris,eng ENG,"DF,MF",Brentford,20,2002,0.1,0,0,0,,0.00,0.00,,,,0,0,0,0.0,0.0,,0.0,0.0,Matches
423,Sydie Peck,eng ENG,MF,Sheffield Utd,18,2004,0.1,0,0,0,,0.00,0.00,,,,0,0,0,0.0,0.0,,0.0,0.0,Matches
424,Facundo Pellistri,uy URU,"FW,MF",Manchester Utd,21,2001,1.9,0,4,2,50.0,2.09,1.05,0.00,0.00,11.5,0,0,0,0.7,0.7,0.18,-0.7,-0.7,Matches
425,Andreas Pereira,br BRA,MF,Fulham,27,1996,29.0,3,52,16,30.8,1.79,0.55,0.06,0.19,21.9,7,0,0,4.6,4.6,0.09,-1.6,-1.6,Matches
Rk,Player,Nation,Pos,Squad,Age,Born,90s,Gls,Sh,SoT,SoT%,Sh/90,SoT/90,G/Sh,G/SoT,Dist,FK,PK,PKatt,xG,npxG,npxG/Sh,G-xG,np:G-xG,Matches
426,Ivan PeriÅ¡iÄ,hr CRO,FW,Tottenham,34,1989,1.1,0,2,0,0.0,1.75,0.00,0.00,,13.0,0,0,0,0.1,0.1,0.06,-0.1,-0.1,Matches
427,ÄorÄe PetroviÄ,rs SRB,GK,Chelsea,23,1999,22.1,0,0,0,,0.00,0.00,,,,0,0,0,0.0,0.0,,0.0,0.0,Matches
428,Kalvin Phillips,eng ENG,MF,West Ham,27,1995,3.4,0,3,2,66.7,0.87,0.58,0.00,0.00,25.8,0,0,0,0.1,0.1,0.03,-0.1,-0.1,Matches
429,Kalvin Phillips,eng ENG,MF,Manchester City,27,1995,1.0,0,2,0,0.0,1.94,0.00,0.00,,21.7,0,0,0,0.1,0.1,0.04,-0.1,-0.1,Matches
430,Jaden Philogene Bidace,eng ENG,FW,Aston Villa,21,2002,0.0,0,0,0,,0.00,0.00,,,,0,0,0,0.0,0.0,,0.0,0.0,Matches
431,Jordan Pickford,eng ENG,GK,Everton,29,1994,38.0,0,0,0,,0.00,0.00,,,,0,0,0,0.0,0.0,,0.0,0.0,Matches
432,Ethan Pinnock,jm JAM,DF,Brentford,30,1993,28.0,2,19,4,21.1,0.68,0.14,0.11,0.50,9.8,0,0,0,2.0,2.0,0.11,0.0,0.0,Matches
433,Nick Pope,eng ENG,GK,Newcastle Utd,31,1992,14.9,0,1,0,0.0,0.07,0.00,0.00,,14.3,0,0,0,0.0,0.0,0.03,0.0,0.0,Matches
434,Pedro Porro,es ESP,DF,Tottenham,23,1999,34.3,3,53,12,22.6,1.54,0.35,0.06,0.25,21.0,4,0,0,2.9,2.9,0.06,+0.1,+0.1,Matches
435,Jarell Quansah,eng ENG,DF,Liverpool,20,2003,13.2,2,6,4,66.7,0.45,0.30,0.33,0.50,10.6,0,0,0,1.0,1.0,0.17,+1.0,+1.0,Matches
436,IonuÈ Radu,ro ROU,GK,Bournemouth,26,1997,2.0,0,0,0,,0.00,0.00,,,,0,0,0,0.0,0.0,,0.0,0.0,Matches
437,Jesurun Rak Sakyi,eng ENG,"MF,FW",Crystal Palace,20,2002,1.5,0,5,1,20.0,3.31,0.66,0.00,0.00,15.5,0,0,0,0.4,0.4,0.08,-0.4,-0.4,Matches
438,Aaron Ramsdale,eng ENG,GK,Arsenal,25,1998,6.0,0,0,0,,0.00,0.00,,,,0,0,0,0.0,0.0,,0.0,0.0,Matches
439,Aaron Ramsey,eng ENG,"MF,FW",Burnley,20,2003,5.9,0,6,2,33.3,1.02,0.34,0.00,0.00,16.5,0,0,0,0.3,0.3,0.06,-0.3,-0.3,Matches
440,Jacob Ramsey,eng ENG,"FW,MF",Aston Villa,22,2001,9.5,1,19,4,21.1,2.00,0.42,0.05,0.25,15.9,0,0,0,2.2,2.2,0.11,-1.2,-1.2,Matches
441,Marcus Rashford,eng ENG,FW,Manchester Utd,25,1997,25.2,7,60,19,31.7,2.38,0.75,0.08,0.26,16.8,1,2,2,7.4,5.8,0.10,-0.4,-0.8,Matches
442,David Raya,es ESP,GK,Arsenal,27,1995,32.0,0,0,0,,0.00,0.00,,,,0,0,0,0.0,0.0,,0.0,0.0,Matches
443,Tim Ream,us USA,DF,Fulham,35,1987,16.7,1,1,1,100.0,0.06,0.06,1.00,1.00,1.3,0,0,0,1.0,1.0,0.96,0.0,0.0,Matches
444,Nathan Redmond,eng ENG,"FW,MF",Burnley,29,1994,1.6,0,0,0,,0.00,0.00,,,,0,0,0,0.0,0.0,,0.0,0.0,Matches
445,Harrison Reed,eng ENG,MF,Fulham,28,1995,14.7,0,9,2,22.2,0.61,0.14,0.00,0.00,23.6,1,0,0,0.3,0.3,0.03,-0.3,-0.3,Matches
446,Sergio ReguilÃ³n,es ESP,DF,Manchester Utd,26,1996,4.6,0,4,0,0.0,0.87,0.00,0.00,,18.1,0,0,0,0.2,0.2,0.05,-0.2,-0.2,Matches
447,Sergio ReguilÃ³n,es ESP,DF,Brentford,26,1996,12.4,0,13,1,7.7,1.05,0.08,0.00,0.00,18.2,0,0,0,0.8,0.8,0.06,-0.8,-0.8,Matches
448,Bobby Reid,jm JAM,FW,Fulham,30,1993,15.8,6,33,8,24.2,2.09,0.51,0.18,0.75,15.7,0,0,0,4.6,4.6,0.14,+1.4,+1.4,Matches
449,Gio Reyna,us USA,"FW,MF",Nott'ham Forest,20,2002,2.6,0,5,2,40.0,1.91,0.77,0.00,0.00,21.3,0,0,0,0.3,0.3,0.06,-0.3,-0.3,Matches
450,Rodrigo Ribeiro,pt POR,"MF,FW",Nott'ham Forest,18,2005,0.2,0,0,0,,0.00,0.00,,,,0,0,0,0.0,0.0,,0.0,0.0,Matches
Rk,Player,Nation,Pos,Squad,Age,Born,90s,Gls,Sh,SoT,SoT%,Sh/90,SoT/90,G/Sh,G/SoT,Dist,FK,PK,PKatt,xG,npxG,npxG/Sh,G-xG,np:G-xG,Matches
451,Declan Rice,eng ENG,MF,Arsenal,24,1999,35.8,7,58,20,34.5,1.62,0.56,0.12,0.35,20.4,2,0,0,3.3,3.3,0.06,+3.7,+3.7,Matches
452,Chris Richards,us USA,"DF,MF",Crystal Palace,23,2000,23.3,1,11,3,27.3,0.47,0.13,0.09,0.33,10.0,0,0,0,0.6,0.6,0.05,+0.4,+0.4,Matches
453,Richarlison,br BRA,FW,Tottenham,26,1997,16.6,11,62,25,40.3,3.74,1.51,0.18,0.44,12.9,0,0,0,9.6,9.6,0.15,+1.4,+1.4,Matches
454,JaÃ¯ro Riedewald,nl NED,"MF,FW",Crystal Palace,26,1996,2.6,0,1,0,0.0,0.38,0.00,0.00,,14.5,0,0,0,0.0,0.0,0.02,0.0,0.0,Matches
455,Matt Ritchie,sct SCO,"FW,MF",Newcastle Utd,33,1989,1.4,1,6,4,66.7,4.22,2.81,0.17,0.25,12.0,0,0,0,1.0,1.0,0.16,0.0,0.0,Matches
456,Connor Roberts,wls WAL,DF,Burnley,27,1995,9.1,0,0,0,,0.00,0.00,,,,0,0,0,0.0,0.0,,0.0,0.0,Matches
457,Andrew Robertson,sct SCO,DF,Liverpool,29,1994,18.8,3,12,6,50.0,0.64,0.32,0.25,0.50,12.5,0,0,0,1.9,1.9,0.16,+1.1,+1.1,Matches
458,Antonee Robinson,us USA,DF,Fulham,25,1997,36.3,0,16,7,43.8,0.44,0.19,0.00,0.00,22.9,0,0,0,0.7,0.7,0.04,-0.7,-0.7,Matches
459,Jack Robinson,eng ENG,DF,Sheffield Utd,29,1993,32.1,1,14,5,35.7,0.44,0.16,0.07,0.20,12.7,0,0,0,1.2,1.2,0.09,-0.2,-0.2,Matches
460,Rodri,es ESP,MF,Manchester City,27,1996,32.6,8,62,22,35.5,1.90,0.68,0.13,0.36,20.6,0,0,0,4.1,4.1,0.07,+3.9,+3.9,Matches
461,Jay Rodriguez,eng ENG,FW,Burnley,34,1989,9.1,2,21,7,33.3,2.30,0.77,0.05,0.14,12.9,0,1,1,3.5,2.7,0.13,-1.5,-1.7,Matches
462,Mads Roerslev,dk DEN,DF,Brentford,24,1999,22.1,1,7,1,14.3,0.32,0.05,0.14,1.00,14.3,0,0,0,0.9,0.9,0.14,+0.1,+0.1,Matches
463,Morgan Rogers,eng ENG,"MF,FW",Aston Villa,21,2002,7.1,3,11,5,45.5,1.55,0.71,0.27,0.60,14.8,0,0,0,1.4,1.4,0.12,+1.6,+1.6,Matches
464,Cristian Romero,ar ARG,DF,Tottenham,25,1998,31.0,5,24,9,37.5,0.77,0.29,0.21,0.56,10.5,0,0,0,3.5,3.5,0.14,+1.5,+1.5,Matches
465,Joe Rothwell,eng ENG,MF,Bournemouth,28,1995,4.3,0,2,0,0.0,0.47,0.00,0.00,,22.7,0,0,0,0.1,0.1,0.04,-0.1,-0.1,Matches
466,Pelly Ruddock Mpanzu,cd COD,MF,Luton Town,30,1993,12.2,0,11,1,9.1,0.90,0.08,0.00,0.00,19.7,0,0,0,0.6,0.6,0.06,-0.6,-0.6,Matches
467,JosÃ© SÃ¡,pt POR,GK,Wolves,30,1993,33.7,0,0,0,,0.00,0.00,,,,0,0,0,0.0,0.0,,0.0,0.0,Matches
468,Dominic Sadi,eng ENG,FW,Bournemouth,19,2003,0.0,0,0,0,,0.00,0.00,,,,0,0,0,0.0,0.0,,0.0,0.0,Matches
469,Bukayo Saka,eng ENG,FW,Arsenal,21,2001,32.4,16,102,31,30.4,3.14,0.96,0.10,0.32,16.3,0,6,6,15.5,10.8,0.11,+0.5,-0.8,Matches
470,Mohamed Salah,eg EGY,FW,Liverpool,31,1992,28.2,18,107,47,43.9,3.80,1.67,0.12,0.28,15.5,1,5,7,21.2,15.5,0.15,-3.2,-2.5,Matches
471,William Saliba,fr FRA,DF,Arsenal,22,2001,38.0,2,10,3,30.0,0.26,0.08,0.20,0.67,10.5,0,0,0,1.6,1.6,0.16,+0.4,+0.4,Matches
472,Albert Sambi Lokonga,be BEL,MF,Luton Town,23,1999,14.5,1,8,2,25.0,0.55,0.14,0.13,0.50,20.9,0,0,0,0.6,0.6,0.08,+0.4,+0.4,Matches
473,Davinson SÃ¡nchez,co COL,DF,Tottenham,27,1996,0.9,0,1,0,0.0,1.17,0.00,0.00,,8.6,0,0,0,0.1,0.1,0.12,-0.1,-0.1,Matches
474,Robert SÃ¡nchez,es ESP,GK,Chelsea,25,1997,15.9,0,0,0,,0.00,0.00,,,,0,0,0,0.0,0.0,,0.0,0.0,Matches
475,Jadon Sancho,eng ENG,"FW,MF",Manchester Utd,23,2000,0.9,0,0,0,,0.00,0.00,,,,0,0,0,0.0,0.0,,0.0,0.0,Matches
Rk,Player,Nation,Pos,Squad,Age,Born,90s,Gls,Sh,SoT,SoT%,Sh/90,SoT/90,G/Sh,G/SoT,Dist,FK,PK,PKatt,xG,npxG,npxG/Sh,G-xG,np:G-xG,Matches
476,Ibrahim SangarÃ©,ci CIV,MF,Nott'ham Forest,25,1997,11.5,0,8,0,0.0,0.70,0.00,0.00,,17.0,0,0,0,0.6,0.6,0.08,-0.6,-0.6,Matches
477,Andrey Santos,br BRA,MF,Nott'ham Forest,19,2004,0.1,0,2,0,0.0,22.50,0.00,0.00,,22.6,0,0,0,0.1,0.1,0.03,-0.1,-0.1,Matches
478,Pablo Sarabia,es ESP,"MF,FW",Wolves,31,1992,19.4,4,44,16,36.4,2.27,0.83,0.05,0.13,19.1,7,2,2,5.5,3.9,0.09,-1.5,-1.9,Matches
479,Dane Scarlett,eng ENG,FW,Tottenham,19,2004,0.2,0,0,0,,0.00,0.00,,,,0,0,0,0.0,0.0,,0.0,0.0,Matches
480,Kevin Schade,de GER,"FW,MF",Brentford,21,2001,3.7,2,8,4,50.0,2.16,1.08,0.25,0.50,15.8,0,0,0,1.2,1.2,0.15,+0.8,+0.8,Matches
481,Fabian SchÃ¤r,ch SUI,DF,Newcastle Utd,31,1991,33.9,4,35,9,25.7,1.03,0.27,0.11,0.44,18.9,3,0,0,2.5,2.5,0.07,+1.5,+1.5,Matches
482,Jeffrey Schlupp,gh GHA,"FW,MF",Crystal Palace,30,1992,15.0,2,19,11,57.9,1.26,0.73,0.11,0.18,19.4,0,0,0,1.8,1.8,0.10,+0.2,+0.2,Matches
483,Alex Scott,eng ENG,MF,Bournemouth,19,2003,11.3,1,15,3,20.0,1.33,0.27,0.07,0.33,22.8,2,0,0,0.7,0.7,0.05,+0.3,+0.3,Matches
484,Matz Sels,be BEL,GK,Nott'ham Forest,31,1992,16.0,0,0,0,,0.00,0.00,,,,0,0,0,0.0,0.0,,0.0,0.0,Matches
485,NÃ©lson Semedo,pt POR,"DF,MF",Wolves,29,1993,34.3,0,17,4,23.5,0.50,0.12,0.00,0.00,19.7,0,0,0,1.3,1.3,0.07,-1.3,-1.3,Matches
486,Antoine Semenyo,gh GHA,FW,Bournemouth,23,2000,23.4,8,70,30,42.9,2.99,1.28,0.11,0.27,17.8,0,0,0,4.6,4.6,0.07,+3.4,+3.4,Matches
487,Marcos Senesi,ar ARG,DF,Bournemouth,26,1997,24.9,4,13,4,30.8,0.52,0.16,0.31,1.00,12.3,0,0,0,2.0,2.0,0.16,+2.0,+2.0,Matches
488,Luke Shaw,eng ENG,DF,Manchester Utd,28,1995,10.7,0,2,0,0.0,0.19,0.00,0.00,,21.2,0,0,0,0.0,0.0,0.02,0.0,0.0,Matches
489,James Shea,eng ENG,GK,Luton Town,32,1991,0.2,0,0,0,,0.00,0.00,,,,0,0,0,0.0,0.0,,0.0,0.0,Matches
490,Bernardo Silva,pt POR,"MF,FW",Manchester City,28,1994,28.6,6,34,15,44.1,1.19,0.52,0.18,0.40,15.9,0,0,0,3.7,3.7,0.11,+2.3,+2.3,Matches
491,FÃ¡bio Silva,pt POR,FW,Wolves,21,2002,2.9,0,7,3,42.9,2.39,1.02,0.00,0.00,13.8,0,0,0,1.0,1.0,0.15,-1.0,-1.0,Matches
492,Thiago Silva,br BRA,DF,Chelsea,38,1984,28.1,3,14,4,28.6,0.50,0.14,0.21,0.75,9.4,0,0,0,0.8,0.8,0.06,+2.2,+2.2,Matches
493,Luis Sinisterra,co COL,"FW,MF",Bournemouth,24,1999,7.8,2,27,8,29.6,3.48,1.03,0.07,0.25,13.9,0,0,0,2.5,2.5,0.09,-0.5,-0.5,Matches
494,Oliver Skipp,eng ENG,"MF,DF",Tottenham,22,2000,7.9,0,4,1,25.0,0.51,0.13,0.00,0.00,13.7,0,0,0,0.7,0.7,0.17,-0.7,-0.7,Matches
495,Adam Smith,eng ENG,DF,Bournemouth,32,1991,23.9,0,2,0,0.0,0.08,0.00,0.00,,26.9,0,0,0,0.1,0.1,0.03,-0.1,-0.1,Matches
496,Emile Smith Rowe,eng ENG,MF,Arsenal,23,2000,3.9,0,15,5,33.3,3.82,1.27,0.00,0.00,15.6,0,0,0,2.0,2.0,0.13,-2.0,-2.0,Matches
497,CÃ©dric Soares,pt POR,DF,Arsenal,31,1991,0.7,0,0,0,,0.00,0.00,,,,0,0,0,0.0,0.0,,0.0,0.0,Matches
498,Dominic Solanke,eng ENG,FW,Bournemouth,25,1997,36.9,19,106,35,33.0,2.87,0.95,0.16,0.49,12.2,0,2,3,19.6,17.2,0.16,-0.6,-0.2,Matches
499,Manor Solomon,il ISR,FW,Tottenham,24,1999,2.2,0,7,1,14.3,3.17,0.45,0.00,0.00,16.8,0,0,0,0.4,0.4,0.06,-0.4,-0.4,Matches
500,TomÃ¡Å¡ SouÄek,cz CZE,MF,West Ham,28,1995,31.9,7,43,15,34.9,1.35,0.47,0.16,0.47,11.0,0,0,0,6.7,6.7,0.16,+0.3,+0.3,Matches
Rk,Player,Nation,Pos,Squad,Age,Born,90s,Gls,Sh,SoT,SoT%,Sh/90,SoT/90,G/Sh,G/SoT,Dist,FK,PK,PKatt,xG,npxG,npxG/Sh,G-xG,np:G-xG,Matches
501,Vinicius Souza,br BRA,MF,Sheffield Utd,24,1999,29.6,1,14,6,42.9,0.47,0.20,0.07,0.17,21.5,0,0,0,0.6,0.6,0.05,+0.4,+0.4,Matches
502,Jason Steele,eng ENG,GK,Brighton,32,1990,17.0,0,0,0,,0.00,0.00,,,,0,0,0,0.0,0.0,,0.0,0.0,Matches
503,Raheem Sterling,eng ENG,"FW,MF",Chelsea,28,1994,22.0,8,51,21,41.2,2.32,0.96,0.16,0.38,14.5,5,0,0,6.5,6.5,0.13,+1.5,+1.5,Matches
504,John Stones,eng ENG,"DF,MF",Manchester City,29,1994,11.8,1,4,2,50.0,0.34,0.17,0.25,0.50,15.9,0,0,0,1.0,1.0,0.26,0.0,0.0,Matches
505,Thomas Strakosha,al ALB,GK,Brentford,28,1995,1.5,0,0,0,,0.00,0.00,,,,0,0,0,0.0,0.0,,0.0,0.0,Matches
506,Dominik Szoboszlai,hu HUN,MF,Liverpool,22,2000,23.4,3,60,15,25.0,2.57,0.64,0.05,0.20,24.3,7,0,0,3.7,3.7,0.06,-0.7,-0.7,Matches
507,Matt Targett,eng ENG,DF,Newcastle Utd,27,1995,0.9,0,0,0,,0.00,0.00,,,,0,0,0,0.0,0.0,,0.0,0.0,Matches
508,James Tarkowski,eng ENG,DF,Everton,30,1992,38.0,1,25,4,16.0,0.66,0.11,0.04,0.25,9.9,0,0,0,2.6,2.6,0.10,-1.6,-1.6,Matches
509,Jimi Tauriainen,eng ENG,FW,Chelsea,19,2004,0.0,0,0,0,,0.00,0.00,,,,0,0,0,0.0,0.0,,0.0,0.0,Matches
510,Nuno Tavares,pt POR,DF,Nott'ham Forest,23,2000,5.1,0,7,1,14.3,1.38,0.20,0.00,0.00,26.1,0,0,0,0.2,0.2,0.02,-0.2,-0.2,Matches
511,Marcus Tavernier,eng ENG,FW,Bournemouth,24,1999,23.5,3,53,16,30.2,2.25,0.68,0.06,0.19,20.0,4,0,0,3.9,3.9,0.07,-0.9,-0.9,Matches
512,Charlie Taylor,eng ENG,DF,Burnley,29,1993,25.9,1,10,1,10.0,0.39,0.04,0.10,1.00,25.8,0,0,0,0.2,0.2,0.02,+0.8,+0.8,Matches
513,Kenny Tete,nl NED,DF,Fulham,27,1995,9.6,1,4,1,25.0,0.42,0.10,0.25,1.00,7.9,0,0,0,0.9,0.9,0.21,+0.1,+0.1,Matches
514,Luke Thomas,eng ENG,DF,Sheffield Utd,22,2001,10.2,0,6,1,16.7,0.59,0.10,0.00,0.00,15.1,0,0,0,0.5,0.5,0.09,-0.5,-0.5,Matches
515,Youri Tielemans,be BEL,"MF,FW",Aston Villa,26,1997,18.0,2,14,5,35.7,0.78,0.28,0.14,0.40,20.0,0,0,0,1.3,1.3,0.09,+0.7,+0.7,Matches
516,JurriÃ«n Timber,nl NED,DF,Arsenal,22,2001,0.8,0,0,0,,0.00,0.00,,,,0,0,0,0.0,0.0,,0.0,0.0,Matches
517,Harry Toffolo,eng ENG,DF,Nott'ham Forest,27,1995,16.2,1,8,5,62.5,0.49,0.31,0.13,0.20,14.4,0,0,0,1.6,1.6,0.21,-0.6,-0.6,Matches
518,Takehiro Tomiyasu,jp JPN,DF,Arsenal,24,1998,12.8,2,17,3,17.6,1.33,0.23,0.12,0.67,14.9,0,0,0,1.5,1.5,0.09,+0.5,+0.5,Matches
519,James Tomkins,eng ENG,DF,Crystal Palace,34,1989,0.1,0,0,0,,0.00,0.00,,,,0,0,0,0.0,0.0,,0.0,0.0,Matches
520,Sandro Tonali,it ITA,MF,Newcastle Utd,23,2000,4.9,1,3,2,66.7,0.62,0.41,0.33,0.50,15.8,0,0,0,0.7,0.7,0.22,+0.3,+0.3,Matches
521,Ivan Toney,eng ENG,FW,Brentford,27,1996,16.1,4,51,21,41.2,3.17,1.30,0.08,0.19,17.4,8,0,0,6.0,6.0,0.12,-2.0,-2.0,Matches
522,Pau Torres,es ESP,DF,Aston Villa,26,1997,27.4,2,12,5,41.7,0.44,0.18,0.17,0.40,15.4,0,0,0,1.0,1.0,0.08,+1.0,+1.0,Matches
523,Andros Townsend,eng ENG,"MF,FW",Luton Town,32,1991,13.4,1,20,7,35.0,1.49,0.52,0.05,0.14,23.7,2,0,0,1.2,1.2,0.06,-0.2,-0.2,Matches
524,James Trafford,eng ENG,GK,Burnley,20,2002,28.0,0,0,0,,0.00,0.00,,,,0,0,0,0.0,0.0,,0.0,0.0,Matches
525,Adama TraorÃ©,es ESP,"FW,MF",Fulham,27,1996,4.2,2,11,7,63.6,2.63,1.67,0.18,0.29,16.0,0,0,0,1.5,1.5,0.14,+0.5,+0.5,Matches
Rk,Player,Nation,Pos,Squad,Age,Born,90s,Gls,Sh,SoT,SoT%,Sh/90,SoT/90,G/Sh,G/SoT,Dist,FK,PK,PKatt,xG,npxG,npxG/Sh,G-xG,np:G-xG,Matches
526,Bertrand TraorÃ©,bf BFA,"DF,FW",Aston Villa,27,1995,0.1,0,0,0,,0.00,0.00,,,,0,0,0,0.0,0.0,,0.0,0.0,Matches
527,Boubacar TraorÃ©,ml MLI,MF,Wolves,21,2001,9.1,0,11,1,9.1,1.21,0.11,0.00,0.00,27.9,0,0,0,0.3,0.3,0.03,-0.3,-0.3,Matches
528,Mark Travers,ie IRL,GK,Bournemouth,24,1999,4.0,0,0,0,,0.00,0.00,,,,0,0,0,0.0,0.0,,0.0,0.0,Matches
529,Mike TrÃ©sor,be BEL,"FW,MF",Burnley,24,1999,4.7,0,5,0,0.0,1.07,0.00,0.00,,19.7,1,0,0,0.5,0.5,0.09,-0.5,-0.5,Matches
530,Kieran Trippier,eng ENG,DF,Newcastle Utd,32,1990,24.8,1,8,2,25.0,0.32,0.08,0.13,0.50,23.8,4,0,0,0.7,0.7,0.08,+0.3,+0.3,Matches
531,Leandro Trossard,be BEL,"FW,MF",Arsenal,28,1994,18.3,12,60,22,36.7,3.27,1.20,0.20,0.55,16.1,0,0,0,7.9,7.9,0.13,+4.1,+4.1,Matches
532,Auston Trusty,us USA,DF,Sheffield Utd,24,1998,28.6,0,8,2,25.0,0.28,0.07,0.00,0.00,13.0,0,0,0,0.4,0.4,0.05,-0.4,-0.4,Matches
533,Kostas Tsimikas,gr GRE,DF,Liverpool,27,1996,7.5,0,3,0,0.0,0.40,0.00,0.00,,23.8,0,0,0,0.1,0.1,0.03,-0.1,-0.1,Matches
534,Matt Turner,us USA,GK,Nott'ham Forest,29,1994,17.0,0,0,0,,0.00,0.00,,,,0,0,0,0.0,0.0,,0.0,0.0,Matches
535,Destiny Udogie,it ITA,DF,Tottenham,20,2002,26.6,2,9,5,55.6,0.34,0.19,0.22,0.40,10.1,0,0,0,2.4,2.4,0.27,-0.4,-0.4,Matches
536,Lesley Ugochukwu,fr FRA,MF,Chelsea,19,2004,3.3,0,0,0,,0.00,0.00,,,,0,0,0,0.0,0.0,,0.0,0.0,Matches
537,Enes Ãnal,tr TUR,"FW,MF",Bournemouth,26,1997,3.6,2,23,8,34.8,6.31,2.20,0.09,0.25,12.5,2,0,0,2.9,2.9,0.13,-0.9,-0.9,Matches
538,Virgil van Dijk,nl NED,DF,Liverpool,32,1991,35.3,2,45,14,31.1,1.27,0.40,0.04,0.14,12.6,1,0,0,2.8,2.8,0.06,-0.8,-0.8,Matches
539,RaphaÃ«l Varane,fr FRA,DF,Manchester Utd,30,1993,15.3,1,8,2,25.0,0.52,0.13,0.13,0.50,9.2,0,0,0,1.3,1.3,0.16,-0.3,-0.3,Matches
540,Alejo VÃ©liz,ar ARG,FW,Tottenham,19,2003,0.6,1,2,1,50.0,3.60,1.80,0.50,1.00,8.9,0,0,0,0.2,0.2,0.12,+0.8,+0.8,Matches
541,JoÃ«l Veltman,nl NED,DF,Brighton,31,1992,17.6,1,5,3,60.0,0.28,0.17,0.20,0.33,14.2,0,0,0,0.4,0.4,0.08,+0.6,+0.6,Matches
542,Micky van de Ven,nl NED,DF,Tottenham,22,2001,26.0,3,8,3,37.5,0.31,0.12,0.38,1.00,16.0,0,0,0,0.6,0.6,0.08,+2.4,+2.4,Matches
543,Bart Verbruggen,nl NED,GK,Brighton,20,2002,21.0,0,0,0,,0.00,0.00,,,,0,0,0,0.0,0.0,,0.0,0.0,Matches
544,Guglielmo Vicario,it ITA,GK,Tottenham,26,1996,38.0,0,0,0,,0.00,0.00,,,,0,0,0,0.0,0.0,,0.0,0.0,Matches
545,Fabio Vieira,pt POR,"MF,FW",Arsenal,23,2000,3.3,1,6,1,16.7,1.82,0.30,0.00,0.00,18.0,0,1,1,1.3,0.5,0.08,-0.3,-0.5,Matches
546,Carlos VinÃ­cius,br BRA,FW,Fulham,28,1995,3.5,2,9,5,55.6,2.57,1.43,0.22,0.40,10.9,0,0,0,1.6,1.6,0.18,+0.4,+0.4,Matches
547,Vitinho,br BRA,"DF,MF",Burnley,24,1999,25.7,0,25,4,16.0,0.97,0.16,0.00,0.00,18.0,0,0,0,1.6,1.6,0.06,-1.6,-1.6,Matches
548,Odisseas Vlachodimos,gr GRE,GK,Nott'ham Forest,29,1994,5.0,0,0,0,,0.00,0.00,,,,0,0,0,0.0,0.0,,0.0,0.0,Matches
549,Kyle Walker,eng ENG,DF,Manchester City,33,1990,30.7,0,16,3,18.8,0.52,0.10,0.00,0.00,29.4,1,0,0,0.4,0.4,0.02,-0.4,-0.4,Matches
550,Aaron Wan-Bissaka,eng ENG,DF,Manchester Utd,25,1997,19.8,0,3,1,33.3,0.15,0.05,0.00,0.00,20.2,0,0,0,0.1,0.1,0.04,-0.1,-0.1,Matches
Rk,Player,Nation,Pos,Squad,Age,Born,90s,Gls,Sh,SoT,SoT%,Sh/90,SoT/90,G/Sh,G/SoT,Dist,FK,PK,PKatt,xG,npxG,npxG/Sh,G-xG,np:G-xG,Matches
551,Joel Ward,eng ENG,DF,Crystal Palace,33,1989,22.0,0,10,0,0.0,0.45,0.00,0.00,,18.0,0,0,0,0.9,0.9,0.09,-0.9,-0.9,Matches
552,James Ward-Prowse,eng ENG,MF,West Ham,28,1994,33.3,7,42,16,38.1,1.26,0.48,0.12,0.31,22.8,16,2,2,6.0,4.4,0.11,+1.0,+0.6,Matches
553,Lewis Warrington,eng ENG,FW,Everton,20,2002,0.0,0,0,0,,0.00,0.00,,,,0,0,0,0.0,0.0,,0.0,0.0,Matches
554,Deivid Washington,br BRA,"DF,FW",Chelsea,18,2005,0.1,0,1,0,0.0,6.92,0.00,0.00,,9.0,0,0,0,0.5,0.5,0.47,-0.5,-0.5,Matches
555,Ollie Watkins,eng ENG,FW,Aston Villa,27,1995,35.7,19,107,47,43.9,2.99,1.31,0.18,0.40,12.8,0,0,0,16.8,16.8,0.16,+2.2,+2.2,Matches
556,Adam Webster,eng ENG,DF,Brighton,28,1995,12.7,0,8,0,0.0,0.63,0.00,0.00,,9.9,0,0,0,0.4,0.4,0.05,-0.4,-0.4,Matches
557,Danny Welbeck,eng ENG,"FW,MF",Brighton,32,1990,18.8,5,41,16,39.0,2.18,0.85,0.12,0.31,14.5,1,0,0,5.3,5.3,0.13,-0.3,-0.3,Matches
558,Timo Werner,de GER,FW,Tottenham,27,1996,9.0,2,29,7,24.1,3.23,0.78,0.07,0.29,14.1,0,0,0,3.7,3.7,0.13,-1.7,-1.7,Matches
559,Adam Wharton,eng ENG,MF,Crystal Palace,19,2004,14.4,0,10,1,10.0,0.69,0.07,0.00,0.00,24.2,0,0,0,0.3,0.3,0.03,-0.3,-0.3,Matches
560,Ethan Wheatley,eng ENG,FW,Manchester Utd,17,2006,0.2,0,0,0,,0.00,0.00,,,,0,0,0,0.0,0.0,,0.0,0.0,Matches
561,Ben White,eng ENG,DF,Arsenal,25,1997,33.2,4,13,6,46.2,0.39,0.18,0.31,0.67,13.2,0,0,0,1.2,1.2,0.09,+2.8,+2.8,Matches
562,Joe White,eng ENG,MF,Newcastle Utd,20,2002,0.1,0,0,0,,0.00,0.00,,,,0,0,0,0.0,0.0,,0.0,0.0,Matches
563,Neco Williams,wls WAL,DF,Nott'ham Forest,22,2001,18.2,0,15,4,26.7,0.82,0.22,0.00,0.00,18.9,0,0,0,0.8,0.8,0.05,-0.8,-0.8,Matches
564,Willian,br BRA,FW,Fulham,34,1988,22.8,4,43,16,37.2,1.89,0.70,0.05,0.13,20.4,2,2,2,5.1,3.6,0.08,-1.1,-1.6,Matches
565,Joe Willock,eng ENG,MF,Newcastle Utd,23,1999,4.7,1,7,3,42.9,1.50,0.64,0.14,0.33,10.9,0,0,0,0.8,0.8,0.12,+0.2,+0.2,Matches
566,Callum Wilson,eng ENG,FW,Newcastle Utd,31,1992,11.0,9,33,18,54.5,3.00,1.63,0.21,0.39,11.8,0,2,2,8.8,7.2,0.22,+0.2,-0.2,Matches
567,Harry Wilson,wls WAL,FW,Fulham,26,1997,18.0,4,40,13,32.5,2.22,0.72,0.10,0.31,19.1,3,0,0,3.4,3.4,0.08,+0.6,+0.6,Matches
568,Yoane Wissa,cd COD,FW,Brentford,26,1996,27.7,12,67,24,35.8,2.42,0.87,0.18,0.50,12.9,0,0,0,10.6,10.6,0.16,+1.4,+1.4,Matches
569,Chris Wood,nz NZL,FW,Nott'ham Forest,31,1991,20.1,14,48,26,54.2,2.38,1.29,0.29,0.54,10.2,0,0,0,11.9,11.9,0.25,+2.1,+2.1,Matches
570,Cauley Woodrow,eng ENG,"FW,MF",Luton Town,28,1994,4.7,1,16,4,25.0,3.37,0.84,0.06,0.25,18.7,1,0,0,1.4,1.4,0.09,-0.4,-0.4,Matches
571,Joe Worrall,eng ENG,DF,Nott'ham Forest,26,1997,4.9,0,2,0,0.0,0.41,0.00,0.00,,10.6,0,0,0,0.1,0.1,0.06,-0.1,-0.1,Matches
572,Yehor Yarmoliuk,ua UKR,MF,Brentford,19,2004,7.6,0,11,5,45.5,1.44,0.65,0.00,0.00,18.9,0,0,0,1.0,1.0,0.09,-1.0,-1.0,Matches
573,Ryan Yates,eng ENG,MF,Nott'ham Forest,25,1997,22.1,1,32,7,21.9,1.45,0.32,0.03,0.14,18.2,0,0,0,2.6,2.6,0.08,-1.6,-1.6,Matches
574,Ashley Young,eng ENG,"DF,MF",Everton,38,1985,25.3,0,13,2,15.4,0.51,0.08,0.00,0.00,21.9,3,0,0,0.6,0.6,0.05,-0.6,-0.6,Matches
575,Illia Zabarnyi,ua UKR,DF,Bournemouth,20,2002,37.0,1,8,2,25.0,0.22,0.05,0.13,0.50,7.5,0,0,0,1.1,1.1,0.14,-0.1,-0.1,Matches
Rk,Player,Nation,Pos,Squad,Age,Born,90s,Gls,Sh,SoT,SoT%,Sh/90,SoT/90,G/Sh,G/SoT,Dist,FK,PK,PKatt,xG,npxG,npxG/Sh,G-xG,np:G-xG,Matches
576,NicolÃ² Zaniolo,it ITA,"FW,MF",Aston Villa,24,1999,9.3,2,27,10,37.0,2.90,1.07,0.07,0.20,14.0,0,0,0,2.6,2.6,0.09,-0.6,-0.6,Matches
577,Anass Zaroury,ma MAR,"FW,MF",Burnley,22,2000,1.7,0,3,1,33.3,1.78,0.59,0.00,0.00,20.9,0,0,0,0.2,0.2,0.06,-0.2,-0.2,Matches
578,Oleksandr Zinchenko,ua UKR,DF,Arsenal,26,1996,19.1,1,17,3,17.6,0.89,0.16,0.06,0.33,24.0,0,0,0,0.6,0.6,0.03,+0.4,+0.4,Matches
579,Kurt Zouma,fr FRA,DF,West Ham,28,1994,31.5,3,16,7,43.8,0.51,0.22,0.19,0.43,9.1,0,0,0,1.8,1.8,0.12,+1.2,+1.2,Matches
580,Martin Ãdegaard,no NOR,MF,Arsenal,24,1998,34.3,8,75,21,28.0,2.18,0.61,0.08,0.29,20.2,4,2,2,7.4,5.8,0.08,+0.6,+0.2,Matches
